LANGUAGE,"English","Czech","French","German","Italian","Polish","Portuguese","Russian","Spanish","Turkish","Korean","Japanese","Chinesesimp","Chinese"
keep_empty,"","","","","","","","","","","","","",""
STR_WL_aaInstructions,"How does AA work?","Jak funguje protivzdušná obrana?","Comment fonctionne la défense antiaérienne ?","Wie funktioniert die Flugabwehr?","Come funziona la difesa antiaerea?","Jak działa obrona przeciwlotnicza?","Como funciona a defesa antiaérea?","Как работает ПВО?","¿Cómo funciona la defensa antiaérea?","Hava savunması nasıl çalışır?","대공 방어는 어떻게 작동하나요?","対空防御はどのように機能しますか？","防空系统如何运作？","防空系統如何運作？"
STR_WL_accept,"Accept","Přijmout","Accepter","Annehmen","Accetta","Zaakceptuj","Aceitar","Принять","Aceptar","Kabul Et","수락","承認","接受","接受"
STR_WL_additionalSubtitles,"Additional subtitles (hearing impaired)","Dodatečné titulky (pro sluchově postižené)","Sous-titres supplémentaires (malentendants)","Zusätzliche Untertitel (für Hörgeschädigte)","Sottotitoli aggiuntivi (non udenti)","Dodatkowe napisy (dla osób niedosłyszących)","Legendas adicionais (deficientes auditivos)","Дополнительные субтитры (для слабослышащих)","Subtítulos adicionales (personas con discapacidad auditiva)","Ek altyazılar (işitme engelliler)","추가 자막(청각 장애인용)","追加字幕（聴覚障害者向け）","附加字幕（听障人士）","附加字幕（聽障人士）"
STR_WL_addKillfeedToChat,"Add killfeed to chat","Přidat přehled zabití do chatu","Ajouter le fil d’éliminations au chat","Killfeed zum Chat hinzufügen","Aggiungi il registro uccisioni alla chat","Dodaj listę zabójstw do czatu","Adicionar feed de eliminações ao chat","Добавить ленту убийств в чат","Añadir registro de bajas al chat","Öldürme akışını sohbete ekle","킬피드를 채팅에 추가","キルフィードをチャットに追加","将击杀信息添加到聊天","將擊殺資訊新增至聊天"
STR_WL_adjustableSettings,"Adjustable settings","Upravitelná nastavení","Paramètres réglables","Anpassbare Einstellungen","Impostazioni regolabili","Ustawienia regulowane","Configurações ajustáveis","Регулируемые настройки","Ajustes configurables","Ayarlanabilir ayarlar","조정 가능한 설정","調整可能な設定","可调整设置","可調整設定"
STR_WL_afkMessage,"You are too inactive to earn passive income. Mark yourself not afk in the scroll action menu.","Jste příliš dlouho neaktivní, takže nezískáváte pasivní příjem. Označte se jako aktivní v nabídce akcí.","Vous êtes trop inactif pour gagner un revenu passif. Indiquez que vous n'êtes plus AFK dans le menu d'actions.","Du bist zu lange inaktiv, um passives Einkommen zu erhalten. Markiere dich im Aktionsmenü als nicht AFK.","Sei troppo inattivo per guadagnare reddito passivo. Contrassegnati come non AFK nel menu azioni.","Jesteś zbyt długo nieaktywny, aby otrzymywać pasywny dochód. Oznacz się jako nie AFK w menu akcji.","Você está inativo por muito tempo para receber renda passiva. Marque-se como não AFK no menu de ações.","Вы слишком долго неактивны, чтобы получать пассивный доход. Отметьте себя как не AFK в меню действий.","Estás demasiado inactivo para obtener ingresos pasivos. Márcate como no AFK en el menú de acciones.","Pasif gelir kazanmak için çok uzun süredir hareketsizsin. Eylem menüsünden AFK olmadığını işaretle.","너무 오래 비활성 상태여서 자동 수입을 받을 수 없습니다. 행동 메뉴에서 AFK 해제를 선택하세요.","放置状態が長すぎるため、不労所得を獲得できません。アクションメニューでAFKを解除してください。","你长时间未活动，无法获得被动收入。请在动作菜单中将自己标记为非 AFK。","你長時間未活動，無法獲得被動收入。請在動作選單中將自己標記為非 AFK。"
STR_WL_aiFollowDefault,"AI follow default","Výchozí následování AI","Suivi de l’IA par défaut","KI folgt standardmäßig","IA al seguito per impostazione predefinita","Domyślne podążanie AI","IA segue por padrão","ИИ следует по умолчанию","Seguimiento de la IA predeterminado","Yapay zekâ varsayılan olarak takip eder","AI 기본 추종","AIの追従をデフォルトにする","AI 默认跟随","AI 預設跟隨"
STR_WL_airAirDefense,"Air/Air Defense","Letectvo / protivzdušná obrana","Aérien / défense antiaérienne","Luft / Luftabwehr","Aviazione / difesa aerea","Lotnictwo / obrona przeciwlotnicza","Aviação / defesa antiaérea","Авиация / ПВО","Aviación / defensa antiaérea","Hava / hava savunması","항공 / 방공","航空／防空","空中力量／防空","空中力量／防空"
STR_WL_airDefense,"Air Defense","Protiraketová obrana","Défense aérienne","Flugabwehr","Difesa aerea","Obrona przeciwlotnicza","Defesa aérea","ПВО","Defensa aérea","Hava Savunması","방공","防空","防空","防空"
STR_WL_airDefenseInfo,"Systems and launchers designed to detect, intercept, and neutralize enemy aircraft.","Systémy a odpalovací zařízení navržené k detekci, zachycení a neutralizaci nepřátelských letadel.","Systèmes et lanceurs conçus pour détecter, intercepter et neutraliser les avions ennemis.","Systeme und Abschussvorrichtungen zur Erkennung, Abfangung und Neutralisierung feindlicher Flugzeuge.","Sistemi e lanciatori progettati per rilevare, intercettare e neutralizzare velivoli nemici.","Systemy i wyrzutnie zaprojektowane do wykrywania, przechwytywania i neutralizowania wrogich samolotów.","Sistemas e lançadores projetados para detectar, interceptar e neutralizar aeronaves inimigas.","Системы и пусковые установки для обнаружения, перехвата и нейтрализации вражеских самолетов.","Sistemas y lanzadores diseñados para detectar, interceptar y neutralizar aviones enemigos.","Düşman uçaklarını algılamak, yakalamak ve etkisiz hale getirmek için tasarlanmış sistemler ve fırlatıcılar.","적 항공기를 탐지, 요격 및 무력화하기 위해 설계된 시스템 및 발사대.","敵航空機を検出、迎撃、無力化するためのシステムおよび発射装置。","设计用于检测、拦截和消除敌机的系统和发射装置。","設計用於檢測、攔截和消除敵機的系統和發射裝置。"
STR_WL_airVehicle,"Air vehicle","Letecké vozidlo","Véhicule aérien","Luftfahrzeug","Veicolo aereo","Pojazd powietrzny","Veículo aéreo","Воздушная техника","Vehículo aéreo","Hava aracı","항공기","航空機","空中载具","空中載具"
STR_WL_aiVehicleTp,"AI vehicle TP","TP vozidel AI","Téléportation des véhicules de l’IA","KI-Fahrzeug-TP","TP veicoli IA","Teleportacja pojazdów AI","TP de veículos da IA","Телепортация техники ИИ","TP de vehículos de la IA","Yapay zekâ araç TP’si","AI 차량 순간이동","AI車両TP","AI 载具传送","AI 載具傳送"
STR_WL_alive,"ALIVE","NAŽIVU","VIVANT","AM LEBEN","VIVO","ŻYWY","VIVO","ЖИВ","VIVO","HAYATTA","생존","生存","存活","存活"
STR_WL_ammoMassRequired,"%1 kg of ammo is required to rearm this vehicle.","K opětovnému vyzbrojení tohoto vozidla je potřeba %1 kg munice.","%1 kg de munitions est nécessaire pour réarmer ce véhicule.","%1 kg Munition wird benötigt, um dieses Fahrzeug wieder zu bewaffnen.","È necessario %1 kg di munizioni per riarmare questo veicolo.","%1 kg amunicji jest wymagane do ponownego uzbrojenia tego pojazdu.","É necessário %1 kg de munição para rearmar este veículo.","Для повторного вооружения этого транспортного средства требуется %1 кг боеприпасов.","Se requiere %1 kg de munición para rearmar este vehículo.","Bu aracı yeniden silahlandırmak için %1 kg mühimmat gereklidir.","이 차량을 재장전하려면 %1kg의 탄약이 필요합니다.","この車両を再武装するには、%1 kg の弾薬が必要です。","重新装备此车辆需要%1千克弹药。","重新裝備此車輛需要%1千克彈藥。"
STR_WL_announcer,"Announcer","Hlasatel","Annonceur","Ansager","Annunciatore","Spiker","Locutor","Диктор","Anunciador","Anonsçu","아나운서","アナウンサー","播报员","播報員"
STR_WL_appearance,"Appearance","Vzhled","Apparence","Aussehen","Aspetto","Wygląd","Aparência","Внешний вид","Apariencia","Görünüm","외관","外観","外观","外观"
STR_WL_apply,"Apply","Použít","Appliquer","Anwenden","Applica","Zastosuj","Aplicar","Применить","Aplicar","Uygula","적용","適用","应用","應用"
STR_WL_applyAmmoInfo,"Applying magazines will remove all ammo from your magazines until you rearm! Continue?","Nasazení zásobníků odstraní veškerou munici z vašich zásobníků, dokud je znovu nevyzbrojíte! Pokračovat?","L'application des magasins retirera toutes les munitions de vos magasins jusqu'à ce que vous réarmiez! Continuer?","Das Anbringen von Magazinen entfernt alle Munition von Ihren Magazinen, bis Sie wieder bewaffnen! Fortsetzen?","L'applicazione dei caricatori rimuoverà tutte le munizioni dai tuoi caricatori fino a quando non riarmarerai! Continuare?","Zastosowanie magazynków usunie całą amunicję z twoich magazynków, dopóki nie uzbroisz ponownie! Kontynuować?","Aplicar carregadores removerá toda a munição de seus carregadores até que você rearme! Continuar?","Применение магазинов удалит все боеприпасы с ваших магазинов до повторного вооружения! Продолжить?","Aplicar cargadores eliminará toda la munición de tus cargadores hasta que vuelvas a armar! ¿Continuar?","Şarjörleri uygulamak, yeniden silahlanana kadar şarjörlerinizdeki tüm mühimmatı kaldıracaktır! Devam edilsin mi?","탄창을 적용하면 재장전할 때까지 탄창의 모든 탄약이 제거됩니다! 계속하시겠습니까?","マガジンを適用すると、再武装するまでマガジンの弾薬がすべて取り除かれます! 続けますか?","应用弹匣将移除所有弹匣上的弹药，直到重新装填！继续吗？","應用彈匣將移除所有彈匣上的彈藥，直到重新裝填！繼續嗎？"
STR_WL_applyAmmoWarning,"Apply the selected configuration to the vehicle. WARNING: THIS MIGHT REMOVE ALL AMMO.","Použijte vybranou konfiguraci na vozidlo. VAROVÁNÍ: TOTO MŮŽE ODSTRANIT VEŠKEROU AMUNICI.","Appliquez la configuration sélectionnée au véhicule. ATTENTION : CELA PEUT SUPPRIMER TOUTES LES MUNITIONS.","Wenden Sie die ausgewählte Konfiguration auf das Fahrzeug an. WARNUNG: DIES KÖNNTE ALLE MUNITION ENTFERNEN.","Applica la configurazione selezionata al veicolo. AVVERTENZA: QUESTO POTREBBE RIMUOVERE TUTTE LE MUNIZIONI.","Zastosuj wybraną konfigurację do pojazdu. OSTRZEŻENIE: MOŻE TO USUNĄĆ WSZYSTKĄ AMUNICJĘ.","Aplicar a configuração selecionada no veículo. AVISO: ISTO PODE REMOVER TODA A MUNIÇÃO.","Примените выбранную конфигурацию к транспортному средству. ВНИМАНИЕ: ЭТО МОЖЕТ УДАЛИТЬ ВСЕ БОЕПРИПАСЫ.","Aplica la configuración seleccionada al vehículo. ADVERTENCIA: ESTO PUEDE ELIMINAR TODA LA MUNICIÓN.","Seçilen yapılandırmayı araca uygulayın. UYARI: TÜM MÜHİMMATI KALDIRABİLİR.","선택한 구성을 차량에 적용하십시오. 경고: 이 작업은 모든 탄약을 제거할 수 있습니다.","選択した設定を車両に適用します。 警告： これにより、すべての弾薬が削除される可能性があります。","将所选配置应用于车辆。 警告： 这可能会删除所有弹药。","將所選配置應用於車輛。 警告： 這可能會刪除所有彈藥。"
STR_WL_applyExtras,"Apply All Extras","Použít všechny doplňky","Appliquer tous les extras","Alle Extras anwenden","Applica tutti gli extra","Zastosuj wszystkie dodatki","Aplicar todos os extras","Применить все дополнения","Aplicar todos los extras","Tüm ekstraları uygula","모든 추가 기능 적용","すべてのエクストラを適用","应用所有额外","應用所有額外"
STR_WL_applyInfo,"Apply the selected magazines to the vehicle.","Použít vybrané zásobníky na vozidlo.","Appliquer les magasins sélectionnés au véhicule.","Die ausgewählten Magazine an das Fahrzeug anbringen.","Applica i caricatori selezionati al veicolo.","Zastosuj wybrane magazynki do pojazdu.","Aplicar os carregadores selecionados ao veículo.","Применить выбранные магазины к транспортному средству.","Aplicar los cargadores seleccionados al vehículo.","Seçilen şarjörleri araca uygulayın.","선택한 탄창을 차량에 적용합니다.","選択したマガジンを車両に適用します。","将选定的弹匣应用于车辆。","將選定的彈匣應用於車輛。"
STR_WL_applyPylonWarning,"Return to the pylon selection screen to apply your new pylon settings.","Vraťte se na obrazovku výběru pylonů a aplikujte nová nastavení pylonů.","Retournez à l'écran de sélection des pylônes pour appliquer vos nouveaux réglages.","Kehren Sie zum Pylonenauswahlbildschirm zurück, um Ihre neuen Pyloneneinstellungen anzuwenden.","Torna alla schermata di selezione dei piloni per applicare le nuove impostazioni dei piloni.","Wróć do ekranu wyboru pylonów, aby zastosować nowe ustawienia pylonów.","Volte para a tela de seleção de pylons para aplicar suas novas configurações de pylons.","Вернитесь на экран выбора пилонов, чтобы применить новые настройки пилонов.","Vuelva a la pantalla de selección de pilones para aplicar sus nuevas configuraciones de pilones.","Yeni pilon ayarlarınızı uygulamak için pilon seçim ekranına geri dönün.","새 파일론 설정을 적용하려면 파일론 선택 화면으로 돌아가십시오.","新しいパイロン設定を適用するには、パイロン選択画面に戻ります。","返回挂架选择屏幕以应用新的挂架设置。","返回掛架選擇屏幕以應用新的掛架設置。"
STR_WL_applyRearm,"Apply/Rearm","Přilož/Zapni","Applique/Réarme","Anw/Aktiv","Applica/Riarma","Zastos/Uzbr","Aplica/Rearma","Прим/Реарм","Aplica/Rearma","Uyg/Silahlan","적용/재설정","適用/再準備","应用/装备","應用/裝備"
STR_WL_apsFriendlyWarning,"Watch where you're shooting! You've triggered the Active Protection System on a nearby friendly vehicle.","Pozor, kam střílíš! Spustil jsi aktivní ochranný systém nedalekého spojeneckého vozidla.","Faites attention où vous tirez ! Vous avez déclenché le système de protection active d'un véhicule allié à proximité.","Achte darauf, wohin du schießt! Du hast das aktive Schutzsystem eines nahegelegenen befreundeten Fahrzeugs ausgelöst.","Stai attento a dove stai sparando! Hai attivato il sistema di protezione attiva su un veicolo alleato nelle vicinanze.","Uważaj, gdzie strzelasz! Wywołałeś aktywny system ochrony na pobliskim sojuszniczym pojazdzie.","Cuidado onde está a disparar! Ativaste o Sistema de Proteção Ativa num veículo aliado próximo.","Смотри куда стреляешь! Ты активировал Комплекс Активной Защиты на ближайшей дружественной технике.","¡Cuidado dónde disparas! Has activado el Sistema de Protección Activa en un vehículo aliado cercano.","Nereye ateş ettiğine dikkat et! Yakındaki bir dost aracındaki Aktif Koruma Sistemini tetikledin.","조심해, 쏘는 곳을 확인하세요! 근처 우호적인 차량의 능동 보호 시스템을 작동시켰습니다.","撃つ場所に気をつけてください！近くの味方車両のアクティブ防御システムが作動しました。","小心你的射击方向！你触发了附近友方车辆的主动防护系统。","小心你的射擊方向！你觸發了附近友方車輛的主動防護系統。"
STR_WL_apsWarning,"APS warning","Varování APS","Alerte APS","APS-Warnung","Avviso APS","Ostrzeżenie APS","Alerta do APS","Предупреждение APS","Alerta del APS","APS uyarısı","APS 경고","APS警告","APS 警告","APS 警告"
STR_WL_assetDeleted,"%1 deleted.","%1 bylo smazáno.","%1 a été supprimé.","%1 wurde entfernt.","%1 è stato eliminato.","%1 usunięte.","%1 excluído.","%1 удален.","%1 eliminado.","%1 silindi.","%1 삭제됨.","%1は削除されました。","%1已删除。","%1已删除。"
STR_WL_assetLimitReached,"Assets limit reached.","Bylo dosaženo limitu aktiv.","Limite d'actifs atteinte.","Fahrzeuglimit erreicht.","Limite di risorse raggiunto.","Osiągnięto limit zasobów.","Limite de ativos atingido.","Достигнут лимит объектов.","Límite de activos alcanzado.","Varlık sınırına ulaşıldı.","자산 한도에 도달했습니다.","アセットの上限に達しました。","已达到资产限额。","已達到資產限額。"
STR_WL_assetRearmed,"Asset rearmed.","Majetek přezbrojen.","Actif réarmé.","Fahrzeug wurde neu bewaffnet.","Asset riarmato.","Zasób ponownie uzbrojony.","Ativo rearmado.","Объект перевооружен.","Activo rearmado.","Varlık yeniden silahlandırıldı.","자산이 재정비되었습니다.","アセットが再装備されました。","资产重新装备。","資產重新裝備。"
STR_WL_assetRepaired,"Asset repaired.","Majetek opraven.","Réparé.","Fahrzeug wurde instandgesetzt.","Asset riparato.","Zasób naprawiony.","Ativo reparado.","Объект отремонтирован.","Activo reparado.","Varlık tamir edildi.","자산이 수리되었습니다.","アセットが修復されました。","资产修复。","資產修復。"
STR_WL_attack,"ATTACK","ÚTOK","ATTAQUE","ANGRIFF","ATTACCO","ATAK","ATAQUE","АТАКА","ATAQUE","SALDIRI","공격","攻撃","进攻","進攻"
STR_WL_autonomousModeOffByDefault,"Autonomous mode off by default","Autonomní režim ve výchozím nastavení vypnut","Mode autonome désactivé par défaut","Autonomer Modus standardmäßig aus","Modalità autonoma disattivata per impostazione predefinita","Tryb autonomiczny domyślnie wyłączony","Modo autônomo desativado por padrão","Автономный режим по умолчанию выключен","Modo autónomo desactivado de forma predeterminada","Otonom mod varsayılan olarak kapalı","자율 모드 기본 비활성화","自律モードをデフォルトでオフ","默认关闭自主模式","預設關閉自主模式"
STR_WL_badges,"BADGES","ODZNAKY","INSIGNES","ABZEICHEN","DISTINTIVI","ODZNAKI","DISTINTIVOS","НАШИВКИ","INSIGNIAS","ROZETLER","휘장","記章","徽章","徽章"
STR_WL_badName,"Inappropriate Username!","Nepřiměřené uživatelské jméno!","Nom d'utilisateur inapproprié !","Unangemessener Benutzername!","Nome utente inappropriato!","Nieodpowiednia nazwa użytkownika!","Nome de usuário inadequado!","Неподходящее имя пользователя!","Nombre de usuario inapropiado.","Uygunsuz Kullanıcı Adı!","부적절한 사용자 이름!","不適切なユーザー名！","不当用户名！","不當用戶名！"
STR_WL_badNameInfo,"We're committed to fostering a friendly and respectful gaming community. Your chosen username contains content that goes against our guidelines. Please change your username to something more appropriate to join the game and ensure a positive gaming experience for all. Thank you for your cooperation.","Jsme zavázáni k vytváření přátelského a respektujícího herního prostředí. Váš zvolený uživatelský název obsahuje obsah, který nesplňuje naše směrnice. Pro prosím změňte svůj uživatelský název na něco vhodnějšího, abyste se mohli připojit k hře a zajistili pozitivní herní zážitek pro všechny. Děkujeme za spolupráci.","Nous nous engageons à promouvoir une communauté de jeu conviviale et respectueuse. Votre nom d'utilisateur choisi contient du contenu contraire à nos directives. Veuillez changer votre nom d'utilisateur pour quelque chose de plus approprié afin de participer au jeu et garantir une expérience de jeu positive pour tous. Merci de votre coopération.","Wir sind bestrebt, eine freundliche und respektvolle Spieler-Community zu fördern. Dein gewählter Benutzername enthält Inhalte, die gegen unsere Richtlinien verstoßen. Bitte ändere deinen Benutzernamen in etwas Angemesseneres, um am Spiel teilzunehmen und ein positives Spielerlebnis für alle sicherzustellen. Vielen Dank für deine Kooperation.","Siamo impegnati a promuovere una comunità di gioco amichevole e rispettosa. Il tuo nome utente scelto contiene contenuti che violano le nostre linee guida. Ti preghiamo di cambiare il tuo nome utente in qualcosa di più appropriato per poter partecipare al gioco e garantire un'esperienza di gioco positiva per tutti. Grazie per la tua cooperazione.","Zobowiązujemy się do tworzenia przyjaznej i szanującej społeczności graczy. Twój wybrany pseudonim zawiera treści niezgodne z naszymi wytycznymi. Prosimy o zmianę pseudonimu na coś bardziej odpowiedniego, aby dołączyć do gry i zapewnić pozytywne doświadczenia wszystkim graczom. Dziękujemy za współpracę.","Estamos comprometidos em promover uma comunidade de jogos amigável e respeitosa. Seu nome de usuário escolhido contém conteúdo que vai contra nossas diretrizes. Por favor, altere seu nome de usuário para algo mais apropriado para participar do jogo e garantir uma experiência de jogo positiva para todos. Obrigado por sua cooperação.","Мы стремимся к созданию дружелюбного и уважительного игрового сообщества. Ваш выбранный никнейм содержит контент, нарушающий наши правила. Пожалуйста, измените свой никнейм на более подходящий, чтобы присоединиться к игре и обеспечить положительный игровой опыт для всех. Спасибо за сотрудничество.","Estamos comprometidos en fomentar una comunidad de juego amigable y respetuosa. Tu nombre de usuario elegido contiene contenido que va en contra de nuestras pautas. Por favor, cambia tu nombre de usuario a algo más apropiado para unirte al juego y asegurar una experiencia de juego positiva para todos. Gracias por tu cooperación.","Dostça ve saygılı bir oyun topluluğu oluşturma konusundaki taahhüdümüzün farkındayız. Seçtiğiniz kullanıcı adı, kurallarımıza aykırı içerik içeriyor. Oyunun keyifli ve pozitif bir deneyim sunması için lütfen kullanıcı adınızı daha uygun bir şey olarak değiştirin. İşbirliğiniz için teşekkür ederiz.","우리는 친근하고 존중받는 게임 커뮤니티를 육성하기 위해 노력하고 있습니다. 선택한 사용자 이름에는 가이드라인을 어긴 내용이 포함되어 있습니다. 게임에 참가하고 모두에게 긍정적인 게임 경험을 보장하기 위해 사용자 이름을 적절한 것으로 바꿔주십시오. 협조해 주셔서 감사합니다.","私たちは友好的で尊重されるゲームコミュニティの育成に取り組んでいます。お選びいただいたユーザー名には、ガイドラインに反するコンテンツが含まれています。ゲームに参加し、すべてのプレイヤーにポジティブなゲーム体験を提供するために、ユーザー名を適切なものに変更していただくようお願い申し上げます。ご協力いただきありがとうございます。","我们致力于培养友好、尊重的游戏社区。您选择的用户名包含违反我们准则的内容。请将您的用户名更改为更合适的内容以参加游戏，并确保为所有人提供积极的游戏体验。感谢您的合作。","我們致力於培養友好、尊重的遊戲社區。您選擇的用戶名包含違反我們準則的內容。請將您的用戶名更改為更合適的內容以"
STR_WL_bulkDeploy,"Bulk deploy","Hromadně rozmístit","Déploiement groupé","Mehrfach platzieren","Schieramento multiplo","Rozmieść grupowo","Posicionamento em massa","Массовое размещение","Despliegue múltiple","Toplu konuşlandır","일괄 배치","一括設置","批量部署","批次部署"
STR_WL_bulkRemove,"Bulk remove","Hromadně odstranit","Suppression groupée","Mehrfach entfernen","Rimozione multipla","Usuń grupowo","Remoção em massa","Массовое удаление","Eliminación múltiple","Toplu kaldır","일괄 제거","一括撤去","批量移除","批次移除"
STR_WL_camped,"Camped","Obsazený kemperem","Occupé par un campeur","Von einem Camper besetzt","Occupato da un camper","Zajęty przez kampera","Ocupado por um camper","Занят кемпером","Ocupado por un campero","Kampçı tarafından tutuluyor","캠퍼가 점거함","キャンパーが占拠中","被蹲守玩家占据","被蹲守玩家佔據"
STR_WL_camperWarningProtection,"Camper warning / protection","Varování / ochrana proti kemperům","Avertissement / protection contre les campeurs","Camper-Warnung / Schutz","Avviso / protezione anti-camper","Ostrzeżenie / ochrona przed kamperami","Aviso / proteção contra campers","Предупреждение / защита от кемперов","Aviso / protección contra camperos","Kampçı uyarısı / koruması","캠퍼 경고 / 보호","キャンパー警告／保護","蹲守玩家警告／保护","蹲守玩家警告／保護"
STR_WL_cancel,"Cancel","Zrušit","Annuler","Abbrechen","Annulla","Anuluj","Cancelar","Отмена","Cancelar","İptal","취소","キャンセル","取消","取消"
STR_WL_captureInterfaceFontSize,"Capture interface font size","Velikost písma rozhraní obsazování","Taille de police de l’interface de capture","Schriftgröße der Eroberungsanzeige","Dimensione carattere interfaccia di conquista","Rozmiar czcionki interfejsu przejmowania","Tamanho da fonte da interface de captura","Размер шрифта интерфейса захвата","Tamaño de fuente de la interfaz de captura","Ele geçirme arayüzü yazı tipi boyutu","점령 인터페이스 글꼴 크기","制圧インターフェースのフォントサイズ","占领界面字体大小","佔領介面字型大小"
STR_WL_captureProgress,"CAPTURE PROGRESS","PRŮBĚH OBSAZOVÁNÍ","PROGRESSION DE LA CAPTURE","EROBERUNGSFORTSCHRITT","PROGRESSO CATTURA","POSTĘP PRZEJMOWANIA","PROGRESSO DA CAPTURA","ПРОГРЕСС ЗАХВАТА","PROGRESO DE CAPTURA","ELE GEÇİRME İLERLEMESİ","점령 진행도","制圧状況","占领进度","佔領進度"
STR_WL_category,"Category","Kategorie","Catégorie","Kategorie","Categoria","Kategoria","Categoria","Категория","Categoría","Kategori","카테고리","カテゴリ","类别","類別"
STR_WL_clearPersonalExplosives,"Clear personal explosives","Odstranit vlastní výbušniny","Retirer les explosifs personnels","Eigene Sprengsätze entfernen","Rimuovi gli esplosivi personali","Usuń własne materiały wybuchowe","Remover explosivos pessoais","Удалить личную взрывчатку","Retirar explosivos personales","Kişisel patlayıcıları temizle","개인 폭발물 제거","個人の爆発物を撤去","清除个人爆炸物","清除個人爆炸物"
STR_WL_clearSlot,"Clear Slot","Vymazat pozici","Effacer l'emplacement","Speicherplatz löschen","Cancella slot","Wyczyść slot","Limpar slot","Очистить слот","Borrar ranura","Yuvayı Temizle","슬롯 비우기","スロットをクリア","清空存档槽","清空存檔槽"
STR_WL_cockpitAltitude,"Cockpit: Altitude","Kokpit: Výška","Cockpit : Altitude","Cockpit: Höhe","Abitacolo: Altitudine","Kokpit: Wysokość","Cabine: Altitude","Кабина: Высота","Cabina: Altitud","Kokpit: İrtifa","조종석: 고도","コックピット：高度","驾驶舱：高度","駕駛艙：高度"
STR_WL_cockpitFuel,"Cockpit: Fuel","Kokpit: Palivo","Cockpit : Carburant","Cockpit: Treibstoff","Abitacolo: Carburante","Kokpit: Paliwo","Cabine: Combustível","Кабина: Топливо","Cabina: Combustible","Kokpit: Yakıt","조종석: 연료","コックピット：燃料","驾驶舱：燃油","駕駛艙：燃油"
STR_WL_cockpitPullUp,"Cockpit: Pull up","Kokpit: Zvednout příď","Cockpit : Redressez","Cockpit: Hochziehen","Abitacolo: Cabrare","Kokpit: Wznieś się","Cabine: Subir","Кабина: Тяни вверх","Cabina: Asciende","Kokpit: Yüksel","조종석: 기수 올림","コックピット：機首上げ","驾驶舱：拉升","駕駛艙：拉升"
STR_WL_cockpitTargeting,"Cockpit: Targeting","Kokpit: Zaměřování","Cockpit : Ciblage","Cockpit: Zielerfassung","Abitacolo: Puntamento","Kokpit: Namierzanie","Cabine: Aquisição de alvo","Кабина: Наведение","Cabina: Fijación de objetivo","Kokpit: Hedefleme","조종석: 조준","コックピット：照準","驾驶舱：瞄准","駕駛艙：瞄準"
STR_WL_cockpitThreats,"Cockpit: Threats","Kokpit: Hrozby","Cockpit : Menaces","Cockpit: Bedrohungen","Abitacolo: Minacce","Kokpit: Zagrożenia","Cabine: Ameaças","Кабина: Угрозы","Cabina: Amenazas","Kokpit: Tehditler","조종석: 위협","コックピット：脅威","驾驶舱：威胁","駕駛艙：威脅"
STR_WL_combatAirPatrol,"Establish no-fly zone","Zřídit bezletovou zónu","Établir une zone d’exclusion aérienne","Flugverbotszone errichten","Stabilisci una no-fly zone","Ustanów strefę zakazu lotów","Estabelecer zona de exclusão aérea","Установить бесполётную зону","Establecer zona de exclusión aérea","Uçuşa yasak bölge oluştur","비행금지구역 설정","飛行禁止区域を設定","建立禁飞区","建立禁飛區"
STR_WL_combatAirPatrolHome,"Establish no-fly zone (home)","Zřídit bezletovou zónu (domácí)","Établir une zone d’exclusion aérienne (base)","Flugverbotszone errichten (Heimatbasis)","Stabilisci una no-fly zone (base)","Ustanów strefę zakazu lotów (baza)","Estabelecer zona de exclusão aérea (base)","Установить бесполётную зону (домашняя база)","Establecer zona de exclusión aérea (base)","Uçuşa yasak bölge oluştur (ana üs)","비행금지구역 설정 (본거지)","飛行禁止区域を設定（ホーム）","建立禁飞区（基地）","建立禁飛區（基地）"
STR_WL_combatAirPatrolInfo,"Establish a temporary no-fly zone to assist your team's air defense over the nearest airbase/helipad sector. Enemy aircraft that enter the marked map area are immediately spotted, and those flying above 1 km altitude will be immediately engaged by lethal air-to-air assets. Recommended to augment with short range air defenses and to use this opportunity to take off with air superiority assets.","Zřiďte dočasnou bezletovou zónu k podpoře protivzdušné obrany vašeho týmu nad nejbližším sektorem letiště nebo heliportu. Nepřátelská letadla vstupující do označené oblasti mapy jsou okamžitě odhalena a ta, která letí ve výšce nad 1 km, budou okamžitě napadena smrtícími prostředky vzduch–vzduch. Doporučuje se doplnit krátkodosahovou PVO a využít této příležitosti ke vzletu s prostředky vzdušné nadvlády.","Établissez une zone d’exclusion aérienne temporaire pour soutenir la défense aérienne de votre équipe au-dessus du secteur d’aérodrome ou d’héliport le plus proche. Les aéronefs ennemis entrant dans la zone marquée sur la carte sont immédiatement repérés, et ceux volant au-dessus de 1 km d’altitude seront immédiatement engagés par des moyens air-air létaux. Il est recommandé de renforcer avec des défenses aériennes à courte portée et de profiter de cette fenêtre pour décoller avec des appareils de supériorité aérienne.","Errichte eine temporäre Flugverbotszone zur Unterstützung der Luftverteidigung deines Teams über dem nächstgelegenen Flugplatz- oder Helipad-Sektor. Feindliche Luftfahrzeuge, die das markierte Kartenareal betreten, werden sofort aufgeklärt, und solche über 1 km Flughöhe werden umgehend von tödlichen Luft-Luft-Waffensystemen bekämpft. Es wird empfohlen, dies mit Kurzstrecken-Luftverteidigung zu ergänzen und die Gelegenheit zum Start von Luftüberlegenheitskräften zu nutzen.","Stabilisci una no-fly zone temporanea per supportare la difesa aerea della tua squadra sopra il settore di aeroporto o eliporto più vicino. I velivoli nemici che entrano nell’area evidenziata sulla mappa vengono individuati immediatamente e quelli che volano sopra 1 km di altitudine saranno ingaggiati immediatamente da risorse aria-aria letali. Si consiglia di integrare con difese aeree a corto raggio e di sfruttare questa opportunità per decollare con assetti di superiorità aerea.","Ustanów tymczasową strefę zakazu lotów, aby wesprzeć obronę przeciwlotniczą twojej drużyny nad najbliższym sektorem lotniska lub lądowiska. Wrogie statki powietrzne wchodzące na zaznaczony obszar mapy są natychmiast wykrywane, a te lecące powyżej 1 km wysokości zostaną natychmiast zaatakowane przez śmiercionośne środki powietrze–powietrze. Zaleca się wsparcie obroną krótkiego zasięgu oraz wykorzystanie tej okazji do startu jednostek przewagi powietrznej.","Estabeleça uma zona de exclusão aérea temporária para apoiar a defesa aérea da sua equipe sobre o setor de base aérea ou heliporto mais próximo. Aeronaves inimigas que entrarem na área marcada do mapa são imediatamente detectadas, e aquelas voando acima de 1 km de altitude serão imediatamente engajadas por meios letais ar-ar. Recomenda-se complementar com defesas aéreas de curto alcance e aproveitar a oportunidade para decolar com ativos de superioridade aérea.","Установите временную бесполётную зону для поддержки ПВО вашей команды над ближайшим сектором аэродрома или вертолётной площадки. Вражеские летательные аппараты, входящие в отмеченную область карты, немедленно обнаруживаются, а те, что летят на высоте выше 1 км, будут немедленно поражены смертоносными средствами «воздух–воздух». Рекомендуется усилить эффект средствами ПВО ближнего радиуса и использовать этот момент для взлёта сил завоевания превосходства в воздухе.","Establece una zona de exclusión aérea temporal para apoyar la defensa aérea de tu equipo sobre el sector de base aérea o helipuerto más cercano. Las aeronaves enemigas que entren en el área marcada del mapa son detectadas de inmediato, y aquellas que vuelen por encima de 1 km de altitud serán atacadas inmediatamente por medios aire-aire letales. Se recomienda complementar con defensas aéreas de corto alcance y aprovechar la oportunidad para despegar con activos de superioridad aérea.","En yakın hava üssü veya helikopter pisti sektöründe takımının hava savunmasına destek olmak için geçici bir uçuşa yasak bölge oluştur. Haritada işaretlenen alana giren düşman hava araçları anında tespit edilir ve 1 km irtifanın üzerinde uçanlar ölümcül hava-hava unsurları tarafından derhal angaje edilir. Kısa menzilli hava savunmalarıyla desteklenmesi ve bu fırsatın hava üstünlüğü unsurlarıyla kalkış yapmak için kullanılması önerilir.","가장 가까운 공군기지 또는 헬기장 구역 상공에서 아군의 방공을 지원하기 위해 일시적인 비행금지구역을 설정합니다. 지도에 표시된 지역에 진입하는 적 항공기는 즉시 탐지되며, 고도 1km 이상에서 비행 중인 항공기는 치명적인 공대공 자산에 의해 즉시 교전됩니다. 단거리 방공 수단과 함께 운용하고, 이 기회를 활용해 제공권 자산으로 이륙하는 것이 권장됩니다.","最寄りの航空基地またはヘリポートのセクター上空で、味方の防空を支援する一時的な飛行禁止区域を設定します。マップ上で指定されたエリアに侵入した敵航空機は即座に探知され、高度1km以上を飛行している機体は致命的な空対空アセットによって即座に交戦されます。短距離防空と併用し、この機会を利用して制空権アセットで離陸することが推奨されます。","建立临时禁飞区，以协助最近的空军基地或直升机停机坪区域上空的团队防空。进入地图标记区域的敌方飞机将被立即发现，而在1公里以上高度飞行的飞机将被致命的空对空力量立即攻击。建议配合短程防空系统使用，并利用这一时机起飞空中优势单位。","建立臨時禁飛區，以協助最近的空軍基地或直升機停機坪區域上空的團隊防空。進入地圖標記區域的敵方飛機會立即被偵測，而在1公里以上高度飛行的飛機將被致命的空對空力量立即攻擊。建議搭配短程防空系統使用，並把握此機會起飛空中優勢單位。"
STR_WL_commAttack,"Attack","Útok","Attaque","Angriff","Attacco","Atak","Ataque","Атака","Ataque","Saldırı","공격","攻撃","攻击","攻擊"
STR_WL_commCoverMe,"Cover me","Kryj mě","Couvre-moi","Gib mir Deckung","Coprimi","Osłaniaj mnie","Cubra-me","Прикрой меня","Cúbreme","Beni koru","엄호해 줘","援護してくれ","掩护我","掩護我"
STR_WL_commFollowMe,"Follow me","Následuj mě","Suis-moi","Folge mir","Seguimi","Za mną","Siga-me","Следуй за мной","Sígueme","Beni takip et","날 따라와","ついて来い","跟着我","跟著我"
STR_WL_commGetAway,"Get away","Uteč","Éloigne-toi","Geh weg","Allontanati","Odejdź","Afaste-se","Уходи","Aléjate","Uzaklaş","물러서","離れろ","离开","離開"
STR_WL_commProvideSupply,"Use my supplies","Použij moje zásoby","Utilise mes provisions","Benutze meine Vorräte","Usa i miei rifornimenti","Użyj moich zapasów","Use meus suprimentos","Используй мои припасы","Usa mis suministros","Malzemelerimi kullan","내 보급품을 써","私の物資を使え","使用我的补给","使用我的補給"
STR_WL_commStatusBingo,"I'm out of ammo","Došla mi munice","Je n'ai plus de munitions","Ich habe keine Munition mehr","Ho finito le munizioni","Skończyła mi się amunicja","Estou sem munição","У меня кончились боеприпасы","No tengo munición","Mühimmatım bitti","탄약이 떨어졌어","弾薬が切れた","我没弹药了","我沒彈藥了"
STR_WL_commStatusDamaged,"I'm damaged","Jsem poškozený","Je suis endommagé","Ich bin beschädigt","Sono danneggiato","Jestem uszkodzony","Estou danificado","Я повреждён","Estoy dañado","Hasar aldım","손상됐어","損傷した","我受损了","我受損了"
STR_WL_commStop,"Stop","Stůj","Arrête-toi","Stopp","Fermati","Stop","Pare","Стой","Alto","Dur","멈춰","止まれ","停下","停下"
STR_WL_commWaitForMe,"Wait for me","Počkej na mě","Attends-moi","Warte auf mich","Aspettami","Poczekaj na mnie","Espere por mim","Подожди меня","Espérame","Beni bekle","기다려 줘","待ってくれ","等等我","等等我"
STR_WL_conscript,"Conscript team","Odvést tým","Enrôler l’équipe","Team einziehen","Arruola la squadra","Powołaj drużynę","Recrutar a equipe","Призвать команду","Reclutar al equipo","Takımı askere al","팀을 징집","チームを徴集","征召队伍","徵召隊伍"
STR_WL_conscriptFailed,"Team priority no longer available.","Priorita týmu již není k dispozici.","La priorité d’équipe n’est plus disponible.","Team-Priorität nicht mehr verfügbar.","La priorità di squadra non è più disponibile.","Priorytet zespołu nie jest już dostępny.","A prioridade da equipe não está mais disponível.","Приоритет команды больше недоступен.","La prioridad del equipo ya no está disponible.","Takım önceliği artık mevcut değil.","팀 우선순위를 더 이상 사용할 수 없습니다.","チーム優先は利用できなくなりました。","团队优先级不再可用。","團隊優先級不再可用。"
STR_WL_conscriptInfo,"Conscript the team to the team priority point. This gives everyone the option to fast travel there immediately.","Odveďte tým k prioritnímu bodu týmu. Tím získají všichni možnost se tam okamžitě rychle přesunout.","Enrôlez l’équipe vers le point prioritaire de l’équipe. Cela permet à tous d’y effectuer un voyage rapide immédiatement.","Ziehe das Team zum Team-Prioritätspunkt ein. Dadurch erhalten alle die Möglichkeit, sofort dorthin zu reisen.","Arruola la squadra verso il punto prioritario della squadra. Questo consente a tutti di effettuare subito il viaggio rapido.","Powołaj drużynę do priorytetowego punktu zespołu. Daje to wszystkim możliwość natychmiastowej szybkiej podróży.","Recrute a equipe para o ponto prioritário da equipe. Isso dá a todos a opção de viajar rapidamente para lá imediatamente.","Призовите команду к приоритетной точке команды. Это даёт всем возможность немедленно быстро переместиться туда.","Recluta al equipo hacia el punto prioritario del equipo. Esto da a todos la opción de viajar rápidamente allí de inmediato.","Takımı takım öncelik noktasına askere al. Bu, herkesin oraya hemen hızlı seyahat etme seçeneğini kazanmasını sağlar.","팀을 팀 우선 지점으로 징집합니다. 이를 통해 모두가 즉시 해당 위치로 빠른 이동을 선택할 수 있습니다.","チームをチーム優先ポイントへ徴集します。これにより、全員が即座にそこへファストトラベルできるようになります。","将队伍征召至团队优先点。这会使所有人都可以立即快速移动到该位置。","將隊伍徵召至團隊優先點。這會使所有人都能立即快速移動至該位置。"
STR_WL_conscriptMessage,"%1 has called the team to the frontline (%2). Do you want to fast travel there now?","%1 povolal tým na frontu (%2). Chcete se tam nyní rychle přesunout?","%1 a appelé l’équipe au front (%2). Voulez-vous vous y rendre immédiatement par voyage rapide ?","%1 hat das Team an die Front (%2) beordert. Möchtest du jetzt per Schnellreise dorthin reisen?","%1 ha chiamato la squadra al fronte (%2). Vuoi effettuare subito il viaggio rapido?","%1 powołał zespół na front (%2). Czy chcesz teraz szybko się tam przenieść?","%1 convocou a equipe para a linha de frente (%2). Deseja viajar rapidamente para lá agora?","%1 призвал команду на линию фронта (%2). Хотите немедленно быстро переместиться туда?","%1 ha llamado al equipo al frente (%2). ¿Quieres viajar rápidamente allí ahora?","%1 takımı cepheye çağırdı (%2). Oraya şimdi hızlı seyahat etmek ister misin?","%1이(가) 팀을 전선으로 소집했습니다 (%2). 지금 그곳으로 빠른 이동을 하시겠습니까?","%1 がチームを前線へ招集しました (%2)。今すぐファストトラベルしますか？","%1 已将队伍召集至前线 (%2)。是否现在快速移动到该位置？","%1 已將隊伍召集至前線 (%2)。是否現在快速移動到該位置？"
STR_WL_conscriptTeamToSector,"Conscript team to sector","Povolat tým do sektoru","Mobiliser l’équipe vers le secteur","Team in den Sektor einberufen","Mobilita la squadra nel settore","Skieruj drużynę do sektora","Mobilizar equipe para o setor","Призвать команду в сектор","Movilizar al equipo hacia el sector","Takımı sektöre sevk et","팀을 구역으로 징집","チームをセクターへ招集","征召团队前往区域","徵召團隊前往區域"
STR_WL_controlCollaborator,"Control collaborator","Ovládat spolupracovníka","Contrôler le collaborateur","Verbündeten steuern","Controlla il collaboratore","Przejmij współpracownika","Controlar colaborador","Управлять союзником","Controlar al colaborador","İş birlikçiyi kontrol et","협력자 조종","協力者を操作","控制协作者","控制協作者"
STR_WL_controlDriver,"Control driver","Ovládat řidiče","Contrôler le conducteur","Fahrer steuern","Controlla il conducente","Przejmij kierowcę","Controlar motorista","Управлять водителем","Controlar al conductor","Sürücüyü kontrol et","운전수 조종","運転手を操作","控制驾驶员","控制駕駛員"
STR_WL_controlGunner,"Control gunner","Ovládat střelce","Contrôler le tireur","Schützen steuern","Controlla il mitragliere","Przejmij strzelca","Controlar atirador","Управлять стрелком","Controlar al artillero","Nişancıyı kontrol et","사수 조종","砲手を操作","控制炮手","控制砲手"
STR_WL_controlHints,"Control hints","Nápověda ovládání","Astuces de commandes","Steuerungshinweise","Suggerimenti sui comandi","Wskazówki sterowania","Dicas de controle","Подсказки по управлению","Consejos de controles","Kontrol ipuçları","조작 도움말","操作ヒント","操作提示","操作提示"
STR_WL_convertTo,"Convert to","Převést na","Convertir en","Umwandeln in","Converti in","Przekształć w","Converter em","Преобразовать в","Convertir en","Şuna dönüştür","다음으로 전환","変換先","转换为","轉換為"
STR_WL_cooldownIndicator,"Cooldown: %1","Čas na ochlazení: %1","Temps de refroidissement : %1","Abkühlzeit: %1","Raffreddamento: %1","Okres oczekiwania: %1","Tempo de resfriamento: %1","Время охлаждения: %1","Tiempo de enfriamiento: %1","Serinleme süresi: %1","재사용 대기시간: %1","クールダウン: %1","冷却时间: %1","冷卻時間: %1"
STR_WL_cqbModeDeleteKey,"CQB mode (DELETE key)","Režim CQB (klávesa DELETE)","Mode CQB (touche SUPPR)","CQB-Modus (ENTF-Taste)","Modalità CQB (tasto CANC)","Tryb CQB (klawisz DELETE)","Modo CQB (tecla DELETE)","Режим CQB (клавиша DELETE)","Modo CQB (tecla SUPR)","CQB modu (DELETE tuşu)","CQB 모드(DELETE 키)","CQBモード（DELETEキー）","CQB 模式（DELETE 键）","CQB 模式（DELETE 鍵）"
STR_WL_custom,"Custom","Vlastní","Personnalisé","Benutzerdefiniert","Personalizzato","Własne","Personalizado","Пользовательский","Personalizado","Özel","사용자 정의","カスタム","自定义","自訂"
STR_WL_customization,"Customization","Přizpůsobení","Personnalisation","Anpassung","Personalizzazione","Dostosowanie","Personalização","Настройка","Personalización","Özelleştirme","사용자 지정","カスタマイズ","自定义","自訂"
STR_WL_customizationInfo,"Select and apply vehicle customization.","Vyberte a aplikujte úpravy vozidla.","Sélectionnez et appliquez la personnalisation du véhicule.","Fahrzeuganpassungen auswählen und anwenden.","Seleziona e applica la personalizzazione del veicolo.","Wybierz i zastosuj dostosowanie pojazdu.","Selecione e aplique a personalização do veículo.","Выбрать и применить настройку транспортного средства.","Seleccionar y aplicar la personalización del vehículo.","Araç kişiselleştirmesini seçin ve uygulayın.","차량 맞춤 설정을 선택하고 적용합니다.","車両のカスタマイズを選択して適用します。","选择并应用车辆定制。","選擇並應用車輛定制。"
STR_WL_customizedUnit,"Customized Unit","Přizpůsobená jednotka","Unité personnalisée","Angepasste Einheit","Unità personalizzata","Dostosowana jednostka","Unidade personalizada","Настраиваемый боец","Unidad personalizada","Özelleştirilmiş birlik","사용자 지정 유닛","カスタマイズユニット","自定义单位","自訂單位"
STR_WL_customizedUnitInfo,"Spawn a subordinate with your currently selected loadout.","Nasaďte podřízenou jednotku s aktuálně vybranou výbavou.","Faites apparaître un subordonné avec l’équipement actuellement sélectionné.","Spawne einen Untergebenen mit deiner derzeit ausgewählten Ausrüstung.","Genera un subordinato con l’equipaggiamento attualmente selezionato.","Przywołaj podwładnego z aktualnie wybranym wyposażeniem.","Gere um subordinado com o equipamento selecionado no momento.","Создайте подчинённого с выбранным в данный момент снаряжением.","Genera un subordinado con el equipamiento seleccionado actualmente.","Mevcut seçili teçhizatınla bir ast oluştur.","현재 선택한 장비 구성으로 부하를 생성합니다.","現在選択中のロードアウトを装備した部下を出現させます。","生成一名使用当前所选装备配置的下属。","生成一名使用目前所選裝備配置的部下。"
STR_WL_deathTip_001,"Watch out for minefields! They become visible on the map when you get close to them.","Dávejte pozor na minová pole! Když se k nim přiblížíte, objeví se na mapě.","Attention aux champs de mines ! Ils deviennent visibles sur la carte lorsque vous vous en approchez.","Achte auf Minenfelder! Sie werden auf der Karte sichtbar, wenn du dich ihnen näherst.","Fai attenzione ai campi minati! Diventano visibili sulla mappa quando ti avvicini.","Uważaj na pola minowe! Stają się widoczne na mapie, gdy się do nich zbliżysz.","Cuidado com os campos minados! Eles ficam visíveis no mapa quando você se aproxima deles.","Остерегайтесь минных полей! Они становятся видны на карте, когда вы приближаетесь к ним.","¡Cuidado con los campos de minas! Se vuelven visibles en el mapa cuando te acercas a ellos.","Mayın tarlalarına dikkat edin! Onlara yaklaştığınızda haritada görünür hale gelirler.","지뢰 지대를 조심하세요! 가까이 다가가면 지도에 표시됩니다.","地雷原に注意！近づくとマップ上に表示されます。","小心雷区！当你靠近它们时，它们会显示在地图上。","小心雷區！當你靠近它們時，它們會顯示在地圖上。"
STR_WL_deathTip_002,"Unlike most other purchase actions, you can fast travel home even if enemies are nearby.","Na rozdíl od většiny ostatních nákupních akcí můžete rychle cestovat domů, i když jsou poblíž nepřátelé.","Contrairement à la plupart des autres actions d'achat, vous pouvez voyager rapidement vers votre base même si des ennemis sont proches.","Anders als bei den meisten anderen Kaufaktionen kannst du per Schnellreise nach Hause zurückkehren, selbst wenn Feinde in der Nähe sind.","A differenza della maggior parte delle altre azioni di acquisto, puoi viaggiare rapidamente a casa anche se ci sono nemici nelle vicinanze.","W przeciwieństwie do większości innych akcji zakupu, możesz szybko wrócić do bazy nawet wtedy, gdy w pobliżu są wrogowie.","Ao contrário da maioria das outras ações de compra, você pode viajar rapidamente para casa mesmo com inimigos por perto.","В отличие от большинства других действий покупки, вы можете быстро переместиться домой, даже если рядом находятся враги.","A diferencia de la mayoría de las demás acciones de compra, puedes viajar rápido a casa aunque haya enemigos cerca.","Diğer satın alma işlemlerinin çoğundan farklı olarak, yakınlarda düşmanlar olsa bile eve hızlı seyahat edebilirsiniz.","대부분의 구매 행동과 달리, 적이 근처에 있어도 본거지로 빠른 이동을 할 수 있습니다.","ほとんどの購入アクションとは異なり、敵が近くにいてもホームへファストトラベルできます。","不同于大多数其他购买操作，即使附近有敌人，你也可以快速旅行回基地。","不同於大多數其他購買操作，即使附近有敵人，你也可以快速旅行回基地。"
STR_WL_deathTip_003,"AI can make excellent gunners. Most players use AI gunners for their high accuracy, fast reaction time, and their tendency to avoid friendly fire.","AI může být výborným střelcem. Většina hráčů používá AI střelce kvůli jejich vysoké přesnosti, rychlé reakci a tendenci vyhýbat se palbě do vlastních.","L'IA peut faire d'excellents tireurs. La plupart des joueurs utilisent des tireurs IA pour leur grande précision, leur temps de réaction rapide et leur tendance à éviter les tirs fratricides.","KI kann hervorragende Schützen stellen. Die meisten Spieler nutzen KI-Schützen wegen ihrer hohen Genauigkeit, schnellen Reaktionszeit und Neigung, Eigenbeschuss zu vermeiden.","L'IA può essere un ottimo mitragliere. La maggior parte dei giocatori usa mitraglieri IA per la loro alta precisione, i tempi di reazione rapidi e la tendenza a evitare il fuoco amico.","SI może być doskonałym strzelcem. Większość graczy korzysta ze strzelców SI ze względu na ich wysoką celność, szybki czas reakcji i unikanie ognia sojuszniczego.","A IA pode ser uma excelente artilheira. A maioria dos jogadores usa artilheiros de IA por sua alta precisão, reação rápida e tendência a evitar fogo amigo.","ИИ может быть отличным стрелком. Большинство игроков используют стрелков ИИ за их высокую точность, быструю реакцию и склонность избегать огня по своим.","La IA puede ser una artillera excelente. La mayoría de los jugadores usa artilleros de IA por su gran precisión, rápido tiempo de reacción y tendencia a evitar el fuego amigo.","Yapay zekâ mükemmel nişancılar olabilir. Çoğu oyuncu yüksek isabet oranı, hızlı tepki süresi ve dost ateşinden kaçınma eğilimleri nedeniyle yapay zekâ nişancıları kullanır.","AI는 훌륭한 사수가 될 수 있습니다. 대부분의 플레이어는 높은 명중률, 빠른 반응 속도, 아군 오사를 피하는 성향 때문에 AI 사수를 사용합니다.","AIは優秀なガンナーになります。多くのプレイヤーは、高い命中精度、素早い反応、そして味方への誤射を避ける傾向があるためAIガンナーを使います。","AI可以成为出色的炮手。大多数玩家使用AI炮手，是因为他们精度高、反应快，并且倾向于避免误伤友军。","AI可以成為出色的砲手。大多數玩家使用AI砲手，是因為他們精度高、反應快，並且傾向於避免誤傷友軍。"
STR_WL_deathTip_004,"Keep buying vehicles! Do not be discouraged after losing one or two. Games are often won not by teams that win battles but by teams that keep rebuying vehicles.","Nepřestávejte kupovat vozidla! Nenechte se odradit ztrátou jednoho nebo dvou. Hry často nevyhrávají týmy, které vyhrávají bitvy, ale týmy, které stále dokupují vozidla.","Continuez à acheter des véhicules ! Ne vous découragez pas après en avoir perdu un ou deux. Les parties sont souvent gagnées non par les équipes qui remportent les combats, mais par celles qui rachètent sans cesse des véhicules.","Kaufe weiter Fahrzeuge! Lass dich nicht entmutigen, wenn du ein oder zwei verlierst. Spiele werden oft nicht von Teams gewonnen, die Gefechte gewinnen, sondern von Teams, die immer wieder Fahrzeuge nachkaufen.","Continua a comprare veicoli! Non scoraggiarti dopo averne perso uno o due. Le partite spesso non vengono vinte dalle squadre che vincono le battaglie, ma da quelle che continuano a ricomprare veicoli.","Kupuj pojazdy dalej! Nie zniechęcaj się po utracie jednego lub dwóch. Gry często wygrywają nie drużyny, które wygrywają bitwy, lecz te, które stale odkupują pojazdy.","Continue comprando veículos! Não desanime depois de perder um ou dois. Muitas partidas são vencidas não pelas equipes que ganham batalhas, mas pelas que continuam recomprando veículos.","Продолжайте покупать технику! Не расстраивайтесь после потери одной или двух единиц. Матчи часто выигрывают не команды, побеждающие в боях, а команды, которые продолжают заново покупать технику.","¡Sigue comprando vehículos! No te desanimes tras perder uno o dos. Las partidas a menudo las ganan no los equipos que vencen en las batallas, sino los que siguen recomprando vehículos.","Araç satın almaya devam edin! Bir veya iki araç kaybettikten sonra moralinizi bozmayın. Oyunlar genellikle savaşları kazanan takımlar tarafından değil, araçları yeniden satın almaya devam eden takımlar tarafından kazanılır.","계속 차량을 구매하세요! 한두 대 잃었다고 낙담하지 마세요. 게임은 전투에서 이긴 팀보다 차량을 계속 재구매하는 팀이 이기는 경우가 많습니다.","車両を買い続けましょう！1、2両失っても落ち込まないでください。試合は戦闘に勝つチームではなく、車両を買い直し続けるチームが勝つことがよくあります。","继续购买载具！不要因为损失一两辆就气馁。比赛往往不是由赢下战斗的队伍获胜，而是由不断重新购买载具的队伍获胜。","繼續購買載具！不要因為損失一兩輛就氣餒。比賽往往不是由贏下戰鬥的隊伍獲勝，而是由不斷重新購買載具的隊伍獲勝。"
STR_WL_deathTip_005,"Always be reading the map! Enemies spotted on your side's datalink system will show up on the map. Friendlies, too.","Neustále sledujte mapu! Nepřátelé zaznamenaní datalinkovým systémem vaší strany se objeví na mapě. Spojenci také.","Consultez toujours la carte ! Les ennemis repérés par le système de liaison de données de votre camp apparaîtront sur la carte. Les alliés aussi.","Behalte immer die Karte im Blick! Feinde, die vom Datenlink-System deiner Seite erfasst werden, erscheinen auf der Karte. Verbündete ebenfalls.","Controlla sempre la mappa! I nemici individuati dal sistema datalink della tua fazione appariranno sulla mappa. Anche gli alleati.","Zawsze obserwuj mapę! Wrogowie wykryci przez system datalink twojej strony pojawią się na mapie. Sojusznicy również.","Esteja sempre de olho no mapa! Inimigos detectados pelo sistema de datalink do seu lado aparecerão no mapa. Aliados também.","Всегда следите за картой! Враги, обнаруженные системой передачи данных вашей стороны, появятся на карте. Союзники тоже.","¡Consulta siempre el mapa! Los enemigos detectados por el sistema de enlace de datos de tu bando aparecerán en el mapa. Los aliados también.","Haritayı her zaman okuyun! Tarafınızın veri bağlantısı sisteminde tespit edilen düşmanlar haritada görünecektir. Dost birlikler de.","항상 지도를 확인하세요! 아군의 데이터링크 시스템에 포착된 적은 지도에 표시됩니다. 아군도 마찬가지입니다.","常にマップを確認しましょう！味方側のデータリンクシステムで発見された敵はマップに表示されます。味方も同様です。","随时查看地图！己方数据链系统发现的敌人会显示在地图上。友军也会显示。","隨時查看地圖！己方資料鏈系統發現的敵人會顯示在地圖上。友軍也會顯示。"
STR_WL_deathTip_006,"You can report unsportsmanlike behavior by going to Settings > Report.","Nesportovní chování můžete nahlásit v nabídce Nastavení > Nahlásit.","Vous pouvez signaler un comportement antisportif en allant dans Paramètres > Signaler.","Du kannst unsportliches Verhalten melden, indem du zu Einstellungen > Melden gehst.","Puoi segnalare comportamenti antisportivi andando su Impostazioni > Segnala.","Możesz zgłosić niesportowe zachowanie, przechodząc do Ustawienia > Zgłoś.","Você pode denunciar comportamento antidesportivo acessando Configurações > Denunciar.","Вы можете пожаловаться на неспортивное поведение, перейдя в Настройки > Жалоба.","Puedes denunciar comportamientos antideportivos yendo a Configuración > Denunciar.","Sportmenlik dışı davranışları Ayarlar > Bildir yolunu izleyerek bildirebilirsiniz.","설정 > 신고로 이동하여 비매너 행위를 신고할 수 있습니다.","設定 > 報告 からスポーツマンシップに反する行為を報告できます。","你可以前往设置 > 举报来举报违反体育精神的行为。","你可以前往設定 > 檢舉來檢舉違反運動家精神的行為。"
STR_WL_deathTip_007,"Tents can be deployed by throwing chemlights of any color. You can find chemlights in the arsenal.","Stany lze rozložit hozením chemického světla jakékoli barvy. Chemická světla najdete v arzenálu.","Les tentes peuvent être déployées en lançant des bâtons lumineux de n'importe quelle couleur. Vous trouverez des bâtons lumineux dans l'arsenal.","Zelte können durch das Werfen von Knicklichtern beliebiger Farbe aufgebaut werden. Knicklichter findest du im Arsenal.","Le tende possono essere schierate lanciando luci chimiche di qualsiasi colore. Puoi trovare le luci chimiche nell'arsenale.","Namioty można rozstawić, rzucając światła chemiczne dowolnego koloru. Światła chemiczne znajdziesz w arsenale.","Tendas podem ser implantadas ao lançar bastões luminosos de qualquer cor. Você pode encontrar bastões luminosos no arsenal.","Палатки можно развернуть, бросив химсвет любого цвета. Химсветы можно найти в арсенале.","Las tiendas pueden desplegarse lanzando luces químicas de cualquier color. Puedes encontrar luces químicas en el arsenal.","Çadırlar herhangi bir renkte kimyasal ışık atılarak kurulabilir. Kimyasal ışıkları cephanelikte bulabilirsiniz.","텐트는 아무 색상의 케미라이트를 던져 설치할 수 있습니다. 케미라이트는 무기고에서 찾을 수 있습니다.","テントは任意の色のケミライトを投げることで展開できます。ケミライトはアーセナルで入手できます。","帐篷可以通过投掷任意颜色的化学荧光棒来部署。你可以在军械库中找到化学荧光棒。","帳篷可以透過投擲任意顏色的化學螢光棒來部署。你可以在軍械庫中找到化學螢光棒。"
STR_WL_deathTip_008,"Parachute auto-deploy altitude can be adjusted or even turned off in the Settings menu.","Výšku automatického otevření padáku lze upravit nebo dokonce vypnout v nabídce Nastavení.","L'altitude d'ouverture automatique du parachute peut être ajustée, voire désactivée, dans le menu Paramètres.","Die Höhe für das automatische Öffnen des Fallschirms kann im Einstellungsmenü angepasst oder sogar deaktiviert werden.","L'altitudine di apertura automatica del paracadute può essere regolata o persino disattivata nel menu Impostazioni.","Wysokość automatycznego otwarcia spadochronu można dostosować lub nawet wyłączyć w menu Ustawienia.","A altitude de abertura automática do paraquedas pode ser ajustada ou até desativada no menu Configurações.","Высоту автоматического раскрытия парашюта можно настроить или вовсе отключить в меню настроек.","La altitud de despliegue automático del paracaídas puede ajustarse o incluso desactivarse en el menú de Configuración.","Paraşütün otomatik açılma irtifası Ayarlar menüsünden ayarlanabilir veya tamamen kapatılabilir.","낙하산 자동 전개 고도는 설정 메뉴에서 조정하거나 완전히 끌 수 있습니다.","パラシュートの自動展開高度は設定メニューで調整したり、オフにしたりできます。","降落伞自动开启高度可以在设置菜单中调整，甚至可以关闭。","降落傘自動開啟高度可以在設定選單中調整，甚至可以關閉。"
STR_WL_deathTip_009,"You can catch the attention of your squad leader by typing @SL in squad chat. Do not abuse this or you may need to find yourself squad-less soon.","Pozornost velitele družstva získáte napsáním @SL do chatu družstva. Nezneužívejte to, jinak se brzy můžete ocitnout bez družstva.","Vous pouvez attirer l'attention de votre chef d'escouade en tapant @SL dans le chat d'escouade. N'en abusez pas, sinon vous risquez bientôt de vous retrouver sans escouade.","Du kannst die Aufmerksamkeit deines Gruppenführers erregen, indem du @SL in den Gruppenchat schreibst. Missbrauche das nicht, sonst stehst du bald ohne Gruppe da.","Puoi attirare l'attenzione del tuo caposquadra scrivendo @SL nella chat di squadra. Non abusarne, o potresti presto ritrovarti senza squadra.","Możesz zwrócić uwagę dowódcy drużyny, wpisując @SL na czacie drużyny. Nie nadużywaj tego, bo wkrótce możesz zostać bez drużyny.","Você pode chamar a atenção do seu líder de esquadrão digitando @SL no chat do esquadrão. Não abuse disso, ou talvez você acabe sem esquadrão em breve.","Вы можете привлечь внимание командира отделения, написав @SL в чат отделения. Не злоупотребляйте этим, иначе скоро можете остаться без отделения.","Puedes llamar la atención de tu líder de escuadra escribiendo @SL en el chat de escuadra. No abuses de esto o puede que pronto te quedes sin escuadra.","Takım sohbetine @SL yazarak manga liderinizin dikkatini çekebilirsiniz. Bunu kötüye kullanmayın, yoksa yakında mangasız kalabilirsiniz.","분대 채팅에 @SL을 입력하면 분대장의 주의를 끌 수 있습니다. 이를 남용하지 마세요. 곧 분대 없이 남게 될 수도 있습니다.","分隊チャットで@SLと入力すると分隊長の注意を引けます。乱用すると、すぐに分隊なしになるかもしれません。","你可以在小队聊天中输入@SL来引起小队长的注意。不要滥用，否则你很快可能会无队可待。","你可以在小隊聊天中輸入@SL來引起小隊長的注意。不要濫用，否則你很快可能會無隊可待。"
STR_WL_deathTip_010,"Put the AFK players standing around your homebase flag to good use by conscripting them to the frontline in the Strategy menu.","Využijte AFK hráče postávající u vlajky domovské základny tím, že je v nabídce Strategie odvedete na frontovou linii.","Mettez à profit les joueurs AFK autour du drapeau de votre base en les envoyant au front depuis le menu Stratégie.","Nutze AFK-Spieler, die an deiner Heimatbasis-Flagge herumstehen, indem du sie im Strategiemenü an die Front einziehst.","Metti a frutto i giocatori AFK fermi attorno alla bandiera della base principale arruolandoli al fronte dal menu Strategia.","Wykorzystaj graczy AFK stojących przy fladze bazy głównej, wcielając ich na linię frontu w menu Strategia.","Aproveite os jogadores AFK parados perto da bandeira da sua base principal, recrutando-os para a linha de frente no menu Estratégia.","Используйте AFK-игроков, стоящих у флага вашей базы, отправив их на передовую через меню стратегии.","Aprovecha a los jugadores AFK que están junto a la bandera de tu base principal reclutándolos para el frente desde el menú de Estrategia.","Ana üs bayrağınızın etrafında duran AFK oyuncuları Strateji menüsünden cepheye alarak işe yarar hale getirin.","본거지 깃발 주변에 서 있는 AFK 플레이어들을 전략 메뉴에서 최전선으로 징집해 유용하게 활용하세요.","ホームベースの旗の周りで放置されているAFKプレイヤーは、戦略メニューで前線に徴用して有効活用しましょう。","把站在主基地旗帜周围挂机的玩家派上用场，在战略菜单中征召他们前往前线。","把站在主基地旗幟周圍掛機的玩家派上用場，在戰略選單中徵召他們前往前線。"
STR_WL_deathTip_011,"Drones can be countered with the spectrum jammer. Securing enemy drone wrecks increases signal strength.","Dronům lze čelit spektrálním rušičem. Zajištění vraků nepřátelských dronů zvyšuje sílu signálu.","Les drones peuvent être contrés avec le brouilleur de spectre. Sécuriser les épaves de drones ennemis augmente la puissance du signal.","Drohnen können mit dem Spektrumstörsender gekontert werden. Das Sichern feindlicher Drohnenwracks erhöht die Signalstärke.","I droni possono essere contrastati con il disturbatore di spettro. Recuperare relitti di droni nemici aumenta la potenza del segnale.","Dronom można przeciwdziałać za pomocą zagłuszarki spektrum. Zabezpieczanie wraków wrogich dronów zwiększa siłę sygnału.","Drones podem ser combatidos com o bloqueador de espectro. Proteger destroços de drones inimigos aumenta a força do sinal.","Дронам можно противодействовать с помощью спектрального глушителя. Доставьте обломки вражеского дрона в контролируемый сектор, чтобы увеличить силу сигнала.","Los drones pueden contrarrestarse con el inhibidor de espectro. Asegurar restos de drones enemigos aumenta la potencia de la señal.","Dronlara spektrum karıştırıcı ile karşı koyulabilir. Düşman dron enkazlarını güvenceye almak sinyal gücünü artırır.","드론은 스펙트럼 재머로 대응할 수 있습니다. 적 드론 잔해를 확보하면 신호 강도가 증가합니다.","ドローンにはスペクトラムジャマーで対抗できます。敵ドローンの残骸を確保すると信号強度が上がります。","无人机可以用频谱干扰器反制。回收敌方无人机残骸会提高信号强度。","無人機可以用頻譜干擾器反制。回收敵方無人機殘骸會提高訊號強度。"
STR_WL_deathTip_012,"If your vehicle flips, you can reset it with Reset Vehicle in the Strategy menu.","Pokud se vaše vozidlo převrátí, můžete ho resetovat pomocí možnosti Resetovat vozidlo v nabídce Strategie.","Si votre véhicule se retourne, vous pouvez le réinitialiser avec Réinitialiser le véhicule dans le menu Stratégie.","Wenn dein Fahrzeug umkippt, kannst du es mit Fahrzeug zurücksetzen im Strategiemenü zurücksetzen.","Se il tuo veicolo si ribalta, puoi ripristinarlo con Ripristina veicolo nel menu Strategia.","Jeśli twój pojazd się przewróci, możesz go zresetować opcją Resetuj pojazd w menu Strategia.","Se seu veículo capotar, você pode redefini-lo com Redefinir Veículo no menu Estratégia.","Если ваша техника перевернулась, вы можете вернуть её в нормальное положение с помощью пункта Сбросить технику в меню стратегии.","Si tu vehículo vuelca, puedes reiniciarlo con Restablecer vehículo en el menú de Estrategia.","Aracınız devrilirse, Strateji menüsündeki Aracı Sıfırla seçeneğiyle onu sıfırlayabilirsiniz.","차량이 뒤집히면 전략 메뉴의 차량 초기화를 사용해 복구할 수 있습니다.","車両が横転した場合、戦略メニューの「車両をリセット」で元に戻せます。","如果你的载具翻车了，可以在战略菜单中使用重置载具来复位。","如果你的載具翻車了，可以在戰略選單中使用重置載具來復位。"
STR_WL_deathTip_013,"In general, the heavier the vehicle, the more capture power it has. Heavy tanks can out-capture entire squads of infantry.","Obecně platí, že čím těžší vozidlo, tím větší má obsazovací sílu. Těžké tanky mohou přeobsadit celé družstvo pěchoty.","En général, plus le véhicule est lourd, plus sa puissance de capture est élevée. Les chars lourds peuvent surpasser des escouades entières d'infanterie lors d'une capture.","Im Allgemeinen gilt: Je schwerer das Fahrzeug, desto mehr Eroberungskraft hat es. Schwere Panzer können ganze Infanteriegruppen beim Erobern übertreffen.","In generale, più un veicolo è pesante, maggiore è il suo potere di cattura. I carri pesanti possono superare intere squadre di fanteria nella cattura.","Ogólnie im cięższy pojazd, tym większą ma siłę przejmowania. Czołgi ciężkie mogą przejąć punkt szybciej niż całe drużyny piechoty.","Em geral, quanto mais pesado o veículo, maior seu poder de captura. Tanques pesados podem superar esquadrões inteiros de infantaria na captura.","Как правило, чем тяжелее техника, тем выше её сила захвата. Тяжёлые танки могут перезахватывать точки быстрее целых отделений пехоты.","En general, cuanto más pesado es el vehículo, mayor poder de captura tiene. Los tanques pesados pueden superar en captura a escuadras enteras de infantería.","Genel olarak araç ne kadar ağırsa ele geçirme gücü o kadar fazladır. Ağır tanklar tüm piyade mangalarından daha fazla ele geçirme gücüne sahip olabilir.","일반적으로 차량이 무거울수록 점령력이 높습니다. 중전차는 보병 분대 전체보다 더 강한 점령력을 가질 수 있습니다.","一般的に、車両が重いほど占領力が高くなります。重戦車は歩兵分隊全体を上回る占領力を持つことがあります。","一般来说，载具越重，占领能力越强。重型坦克的占领能力可以超过整支步兵小队。","一般來說，載具越重，佔領能力越強。重型坦克的佔領能力可以超過整支步兵小隊。"
STR_WL_deathTip_014,"Wreck the wheels on your Rhino? No problem. You can conduct field repairs on your vehicles. Just hop out and look for the option in the scroll action menu.","Zničili jste kola na svém Rhinu? Žádný problém. Na vozidlech můžete provádět polní opravy. Stačí vystoupit a najít možnost v rolovacím akčním menu.","Vous avez détruit les roues de votre Rhino ? Aucun problème. Vous pouvez effectuer des réparations de terrain sur vos véhicules. Descendez simplement et cherchez l'option dans le menu d'action à molette.","Die Räder deines Rhino zerstört? Kein Problem. Du kannst Feldreparaturen an deinen Fahrzeugen durchführen. Steig einfach aus und suche die Option im Scroll-Aktionsmenü.","Hai distrutto le ruote del tuo Rhino? Nessun problema. Puoi effettuare riparazioni sul campo sui tuoi veicoli. Scendi e cerca l'opzione nel menu azione a scorrimento.","Uszkodziłeś koła w swoim Rhino? Żaden problem. Możesz wykonywać naprawy polowe swoich pojazdów. Wysiądź i poszukaj opcji w przewijanym menu akcji.","Destruiu as rodas do seu Rhino? Sem problema. Você pode fazer reparos de campo nos seus veículos. Basta sair e procurar a opção no menu de ações rolável.","Разбили колёса на своём Rhino? Не проблема. Вы можете выполнять полевой ремонт техники. Просто выйдите и найдите нужный пункт в прокручиваемом меню действий.","¿Destrozaste las ruedas de tu Rhino? No hay problema. Puedes realizar reparaciones de campo en tus vehículos. Solo bájate y busca la opción en el menú de acción desplazable.","Rhino'nuzun tekerleklerini mi mahvettiniz? Sorun değil. Araçlarınızda saha onarımı yapabilirsiniz. Sadece dışarı çıkın ve kaydırmalı eylem menüsündeki seçeneği bulun.","Rhino의 바퀴가 망가졌나요? 문제없습니다. 차량은 현장 수리가 가능합니다. 내려서 스크롤 액션 메뉴에서 해당 옵션을 찾으세요.","Rhinoの車輪を壊しましたか？問題ありません。車両は現地修理できます。降車してスクロールアクションメニューからオプションを探しましょう。","你的Rhino轮子坏了？没问题。你可以对载具进行野外维修。下车后在滚轮动作菜单中寻找该选项即可。","你的Rhino輪子壞了？沒問題。你可以對載具進行野外維修。下車後在滾輪動作選單中尋找該選項即可。"
STR_WL_deathTip_015,"You may reload your APS by rearming your vehicle. Heavy APS can also be reloaded in the field in the scroll action menu from outside the tank.","APS můžete dobít přezbrojením vozidla. Těžký APS lze také dobít v terénu zvenčí tanku přes rolovací akční menu.","Vous pouvez recharger votre APS en réarmant votre véhicule. Les APS lourds peuvent aussi être rechargés sur le terrain depuis l'extérieur du char via le menu d'action à molette.","Du kannst dein APS nachladen, indem du dein Fahrzeug aufmunitionierst. Schwere APS können außerdem im Feld von außerhalb des Panzers über das Scroll-Aktionsmenü nachgeladen werden.","Puoi ricaricare il tuo APS riarmando il veicolo. Gli APS pesanti possono anche essere ricaricati sul campo dall'esterno del carro tramite il menu azione a scorrimento.","Możesz przeładować APS, uzupełniając uzbrojenie pojazdu. Ciężki APS można także przeładować w terenie z zewnątrz czołgu przez przewijane menu akcji.","Você pode recarregar seu APS rearmando o veículo. APS pesados também podem ser recarregados em campo pelo menu de ações rolável do lado de fora do tanque.","Вы можете перезарядить APS, пополнив боезапас техники. Тяжёлые APS также можно перезаряжать в поле снаружи танка через прокручиваемое меню действий.","Puedes recargar tu APS rearmando tu vehículo. Los APS pesados también pueden recargarse en el campo desde fuera del tanque mediante el menú de acción desplazable.","APS'nizi aracınızı yeniden ikmal ederek doldurabilirsiniz. Ağır APS ayrıca tankın dışından, kaydırmalı eylem menüsünden sahada da doldurulabilir.","차량을 재무장하면 APS를 재장전할 수 있습니다. 중형 APS는 전차 밖에서 스크롤 액션 메뉴를 통해 현장에서도 재장전할 수 있습니다.","車両を再武装することでAPSを再装填できます。重APSは戦車の外からスクロールアクションメニューを使って現地再装填することもできます。","你可以通过重新补给载具来装填APS。重型APS也可以在战场上从坦克外部通过滚轮动作菜单装填。","你可以透過重新補給載具來裝填APS。重型APS也可以在戰場上從坦克外部透過滾輪動作選單裝填。"
STR_WL_deathTip_016,"Active protection systems have a deadzone. They are bypassed by rockets launched from very close range.","Aktivní ochranné systémy mají mrtvou zónu. Rakety vypálené z velmi malé vzdálenosti je dokážou obejít.","Les systèmes de protection active ont une zone morte. Les roquettes tirées à très courte portée peuvent les contourner.","Aktive Schutzsysteme haben eine Totzone. Raketen, die aus sehr kurzer Entfernung abgefeuert werden, umgehen sie.","I sistemi di protezione attiva hanno una zona morta. I razzi lanciati da distanza molto ravvicinata li aggirano.","Systemy ochrony aktywnej mają martwą strefę. Rakiety wystrzelone z bardzo bliskiej odległości mogą je ominąć.","Sistemas de proteção ativa têm uma zona morta. Foguetes lançados de muito perto conseguem contorná-los.","У систем активной защиты есть мёртвая зона. Ракеты, выпущенные с очень близкого расстояния, обходят их.","Los sistemas de protección activa tienen una zona muerta. Los cohetes lanzados desde muy corta distancia pueden evitarlos.","Aktif koruma sistemlerinin bir ölü bölgesi vardır. Çok yakın mesafeden fırlatılan roketler bu sistemleri aşabilir.","능동 방어 시스템에는 사각지대가 있습니다. 매우 가까운 거리에서 발사된 로켓은 이를 우회할 수 있습니다.","アクティブ防護システムには死角があります。至近距離から発射されたロケットはこれを突破できます。","主动防护系统存在死角。极近距离发射的火箭弹可以绕过它们。","主動防護系統存在死角。極近距離發射的火箭彈可以繞過它們。"
STR_WL_deathTip_017,"If you hit a minefield, do not keep driving forward! That will only cause you to hit more mines and do further damage to your vehicle. Dismount and dismantle the minefield before you continue on.","Pokud najedete do minového pole, nepokračujte v jízdě vpřed! Jen najedete na další miny a ještě více poškodíte vozidlo. Vystupte a před pokračováním minové pole zneškodněte.","Si vous touchez un champ de mines, ne continuez pas à avancer ! Vous ne feriez que toucher d'autres mines et endommager davantage votre véhicule. Descendez et démantelez le champ de mines avant de continuer.","Wenn du in ein Minenfeld gerätst, fahre nicht weiter vorwärts! Dadurch triffst du nur weitere Minen und beschädigst dein Fahrzeug noch stärker. Steig aus und räume das Minenfeld, bevor du weiterfährst.","Se finisci in un campo minato, non continuare ad avanzare! Colpirai solo altre mine e danneggerai ulteriormente il veicolo. Smonta e smantella il campo minato prima di proseguire.","Jeśli wjedziesz na pole minowe, nie jedź dalej do przodu! Trafisz tylko na kolejne miny i jeszcze bardziej uszkodzisz pojazd. Wysiądź i rozbrój pole minowe, zanim ruszysz dalej.","Se você atingir um campo minado, não continue dirigindo para frente! Isso só fará você acertar mais minas e causar mais danos ao veículo. Desembarque e desmonte o campo minado antes de continuar.","Если вы наехали на минное поле, не продолжайте ехать вперёд! Так вы лишь подорвётесь на новых минах и ещё сильнее повредите технику. Спешьтесь и разберите минное поле, прежде чем продолжать.","Si entras en un campo de minas, ¡no sigas conduciendo hacia delante! Solo harás que pises más minas y dañes aún más tu vehículo. Baja y desmonta el campo de minas antes de continuar.","Bir mayın tarlasına girerseniz ileri sürmeye devam etmeyin! Bu sadece daha fazla mayına çarpmanıza ve aracınıza daha fazla hasar vermenize neden olur. Devam etmeden önce araçtan inin ve mayın tarlasını sökün.","지뢰 지대에 걸렸다면 계속 앞으로 운전하지 마세요! 더 많은 지뢰를 밟아 차량에 추가 피해를 줄 뿐입니다. 계속 가기 전에 하차하여 지뢰 지대를 해체하세요.","地雷原に突っ込んだら、そのまま前進しないでください！さらに地雷を踏んで車両に追加ダメージを与えるだけです。進む前に降車して地雷原を撤去しましょう。","如果撞上雷区，不要继续向前开！那只会让你撞上更多地雷，并对载具造成更大损伤。继续前进前先下车并拆除雷区。","如果撞上雷區，不要繼續向前開！那只會讓你撞上更多地雷，並對載具造成更大損傷。繼續前進前先下車並拆除雷區。"
STR_WL_deathTip_018,"Many vehicles and defenses can be loaded onto flatbeds or slingloaded by transport helicopters.","Mnoho vozidel a obranných prostředků lze naložit na valníky nebo přepravovat podvěsem transportních vrtulníků.","De nombreux véhicules et défenses peuvent être chargés sur des plateaux ou hélitreuillés par des hélicoptères de transport.","Viele Fahrzeuge und Verteidigungsanlagen können auf Pritschen geladen oder von Transporthubschraubern als Außenlast transportiert werden.","Molti veicoli e difese possono essere caricati su pianali o trasportati al gancio baricentrico dagli elicotteri da trasporto.","Wiele pojazdów i umocnień można załadować na platformy lub przenosić na podwieszeniu przez śmigłowce transportowe.","Muitos veículos e defesas podem ser carregados em caminhões plataforma ou transportados por slingload por helicópteros de transporte.","Многие машины и оборонительные сооружения можно грузить на платформы или перевозить на внешней подвеске транспортных вертолётов.","Muchos vehículos y defensas pueden cargarse en camiones plataforma o transportarse como carga suspendida por helicópteros de transporte.","Birçok araç ve savunma unsuru düz kasalara yüklenebilir veya nakliye helikopterleriyle askılı yük olarak taşınabilir.","많은 차량과 방어 시설은 평판 트럭에 적재하거나 수송 헬리콥터로 슬링로드 운반할 수 있습니다.","多くの車両や防衛設備はフラットベッドに積載したり、輸送ヘリでスリングロード輸送したりできます。","许多载具和防御设施可以装上平板车，或由运输直升机吊挂运输。","許多載具和防禦設施可以裝上平板車，或由運輸直升機吊掛運輸。"
STR_WL_deathTip_019,"Strongholds in green sectors generate reinforcements. Destroy them to stop the AI from respawning and gain a capture advantage.","Opěrné body v zelených sektorech generují posily. Zničte je, abyste zastavili znovuobjevování AI a získali výhodu při obsazování.","Les bastions dans les secteurs verts génèrent des renforts. Détruisez-les pour empêcher l'IA de réapparaître et obtenir un avantage de capture.","Stützpunkte in grünen Sektoren erzeugen Verstärkungen. Zerstöre sie, um das Respawnen der KI zu stoppen und einen Eroberungsvorteil zu erhalten.","Le roccaforti nei settori verdi generano rinforzi. Distruggile per impedire all'IA di respawnare e ottenere un vantaggio nella cattura.","Twierdze w zielonych sektorach generują posiłki. Zniszcz je, aby powstrzymać odradzanie SI i zyskać przewagę w przejmowaniu.","Fortalezas em setores verdes geram reforços. Destrua-as para impedir que a IA reapareça e para ganhar vantagem de captura.","Опорные пункты в зелёных секторах создают подкрепления. Уничтожьте их, чтобы остановить возрождение ИИ и получить преимущество при захвате.","Las fortalezas en sectores verdes generan refuerzos. Destrúyelas para impedir que la IA reaparezca y obtener ventaja de captura.","Yeşil sektörlerdeki kaleler takviye üretir. Yapay zekânın yeniden doğmasını durdurmak ve ele geçirme avantajı kazanmak için onları yok edin.","녹색 구역의 거점은 증원을 생성합니다. 이를 파괴하면 AI의 재생성을 막고 점령 우위를 얻을 수 있습니다.","緑セクターの拠点は増援を生み出します。破壊すればAIのリスポーンを止め、占領で有利になります。","绿色区域中的据点会生成增援。摧毁它们可以阻止AI重生，并获得占领优势。","綠色區域中的據點會生成增援。摧毀它們可以阻止AI重生，並獲得佔領優勢。"
STR_WL_deathTip_020,"Strongholds cut both ways. Enemies in your sector's stronghold will get a massive capture bonus, so make sure to keep it safe.","Opěrné body fungují oběma směry. Nepřátelé v opěrném bodě vašeho sektoru získají obrovský bonus k obsazování, proto ho chraňte.","Les bastions fonctionnent dans les deux sens. Les ennemis dans le bastion de votre secteur obtiennent un énorme bonus de capture, alors veillez à le protéger.","Stützpunkte wirken in beide Richtungen. Feinde im Stützpunkt deines Sektors erhalten einen massiven Eroberungsbonus, also sorge dafür, dass er sicher bleibt.","Le roccaforti funzionano in entrambi i sensi. I nemici nella roccaforte del tuo settore ottengono un enorme bonus di cattura, quindi assicurati di tenerla al sicuro.","Twierdze działają w obie strony. Wrogowie w twierdzy twojego sektora otrzymają ogromny bonus do przejmowania, więc zadbaj o jej bezpieczeństwo.","Fortalezas funcionam para os dois lados. Inimigos na fortaleza do seu setor receberão um enorme bônus de captura, então mantenha-a segura.","Опорные пункты работают в обе стороны. Враги в опорном пункте вашего сектора получат огромный бонус к захвату, поэтому обязательно защищайте его.","Las fortalezas funcionan en ambos sentidos. Los enemigos dentro de la fortaleza de tu sector recibirán una enorme bonificación de captura, así que asegúrate de protegerla.","Kaleler iki taraf için de geçerlidir. Sektörünüzün kalesindeki düşmanlar büyük bir ele geçirme bonusu kazanır, bu yüzden onu güvende tutun.","거점은 양날의 검입니다. 당신 구역의 거점에 있는 적은 막대한 점령 보너스를 받으므로 반드시 안전하게 지키세요.","拠点の効果は敵にも味方にも働きます。自セクターの拠点にいる敵は大きな占領ボーナスを得るため、必ず守りましょう。","据点是双刃剑。位于你方区域据点内的敌人会获得巨大的占领奖励，所以务必保护好它。","據點是雙面刃。位於你方區域據點內的敵人會獲得巨大的佔領加成，所以務必保護好它。"
STR_WL_deathTip_021,"Explosive charges can damage strongholds, forward base, and defensive structures. You can find explosive charges in the arsenal.","Výbušné nálože mohou poškodit opěrné body, předsunutou základnu a obranné struktury. Výbušné nálože najdete v arzenálu.","Les charges explosives peuvent endommager les bastions, la base avancée et les structures défensives. Vous trouverez des charges explosives dans l'arsenal.","Sprengladungen können Stützpunkte, vorgeschobene Basen und Verteidigungsstrukturen beschädigen. Sprengladungen findest du im Arsenal.","Le cariche esplosive possono danneggiare roccaforti, basi avanzate e strutture difensive. Puoi trovare cariche esplosive nell'arsenale.","Ładunki wybuchowe mogą uszkadzać twierdze, bazę wysuniętą i struktury obronne. Ładunki wybuchowe znajdziesz w arsenale.","Cargas explosivas podem danificar fortalezas, bases avançadas e estruturas defensivas. Você pode encontrar cargas explosivas no arsenal.","Взрывпакеты могут повреждать опорные пункты, передовую базу и оборонительные сооружения. Взрывпакеты можно найти в арсенале.","Las cargas explosivas pueden dañar fortalezas, bases avanzadas y estructuras defensivas. Puedes encontrar cargas explosivas en el arsenal.","Patlayıcı yükler kalelere, ileri üsse ve savunma yapılarına zarar verebilir. Patlayıcı yükleri cephanelikte bulabilirsiniz.","폭약은 거점, 전진 기지, 방어 구조물에 피해를 줄 수 있습니다. 폭약은 무기고에서 찾을 수 있습니다.","爆薬は拠点、前線基地、防衛構造物にダメージを与えられます。爆薬はアーセナルで入手できます。","爆炸装药可以破坏据点、前进基地和防御建筑。你可以在军械库中找到爆炸装药。","爆炸裝藥可以破壞據點、前進基地和防禦建築。你可以在軍械庫中找到爆炸裝藥。"
STR_WL_deathTip_022,"Putting down AA and leaving them on the default AI is an effective method of feeding free points to enemy pilots.","Postavit AA a nechat ho na výchozí AI je účinný způsob, jak nepřátelským pilotům darovat body zdarma.","Déployer de l'AA et la laisser à l'IA par défaut est un excellent moyen d'offrir des points gratuits aux pilotes ennemis.","AA aufzustellen und sie der Standard-KI zu überlassen, ist eine effektive Methode, feindlichen Piloten kostenlose Punkte zu schenken.","Piazzare AA e lasciarla all'IA predefinita è un metodo efficace per regalare punti gratis ai piloti nemici.","Rozstawienie AA i pozostawienie jej domyślnej SI to skuteczny sposób na karmienie wrogich pilotów darmowymi punktami.","Colocar AA e deixá-la com a IA padrão é uma forma eficaz de dar pontos grátis aos pilotos inimigos.","Поставить ПВО и оставить его под управлением стандартного ИИ — эффективный способ подарить вражеским пилотам бесплатные очки.","Colocar AA y dejarla con la IA predeterminada es una forma eficaz de regalar puntos gratis a los pilotos enemigos.","AA yerleştirip varsayılan yapay zekâya bırakmak, düşman pilotlara bedava puan kazandırmanın etkili bir yoludur.","AA를 배치한 뒤 기본 AI에 맡겨두는 것은 적 조종사에게 공짜 점수를 주는 효과적인 방법입니다.","AAを設置してデフォルトAIに任せたままにするのは、敵パイロットに無料ポイントを与える効果的な方法です。","部署防空武器并让它们使用默认AI，是给敌方飞行员送免费分数的有效方法。","部署防空武器並讓它們使用預設AI，是給敵方飛行員送免費分數的有效方法。"
STR_WL_deathTip_023,"If you are struggling with air defense, be sure to read the effective ranges on their description. You can launch missiles from way outside their range, but their chances of connecting are slim.","Pokud máte potíže s protivzdušnou obranou, přečtěte si v popisu její účinné dostřely. Rakety můžete odpalovat i z velké vzdálenosti mimo jejich dosah, ale šance na zásah je malá.","Si vous avez du mal avec la défense antiaérienne, lisez bien les portées efficaces indiquées dans leur description. Vous pouvez lancer des missiles de bien au-delà de leur portée, mais leurs chances de toucher sont faibles.","Wenn du Probleme mit der Luftabwehr hast, lies unbedingt die effektiven Reichweiten in der Beschreibung. Du kannst Raketen weit außerhalb ihrer Reichweite abfeuern, aber die Trefferchancen sind gering.","Se hai difficoltà con la difesa antiaerea, assicurati di leggere le gittate efficaci nella descrizione. Puoi lanciare missili da molto oltre la loro portata, ma le probabilità di colpire sono basse.","Jeśli masz problemy z obroną przeciwlotniczą, koniecznie przeczytaj skuteczne zasięgi w jej opisie. Możesz odpalać pociski z daleko poza ich zasięgiem, ale szanse trafienia są niewielkie.","Se você está com dificuldade na defesa aérea, leia os alcances efetivos na descrição. Você pode lançar mísseis de muito além do alcance deles, mas as chances de acerto são pequenas.","Если у вас проблемы с ПВО, обязательно читайте эффективные дальности в описании. Вы можете запускать ракеты далеко за пределами их дальности, но шансы попасть будут малы.","Si tienes problemas con la defensa aérea, asegúrate de leer los alcances efectivos en su descripción. Puedes lanzar misiles desde muy fuera de su alcance, pero sus probabilidades de impactar son bajas.","Hava savunmasında zorlanıyorsanız açıklamalarındaki etkili menzilleri mutlaka okuyun. Füzeleri menzillerinin çok dışından fırlatabilirsiniz, ancak isabet etme şansları düşüktür.","대공 방어에 어려움을 겪고 있다면 설명에 적힌 유효 사거리를 반드시 확인하세요. 사거리 밖 먼 곳에서도 미사일을 발사할 수는 있지만 명중 확률은 낮습니다.","対空防衛に苦戦している場合は、説明にある有効射程を必ず確認してください。射程外のかなり遠くからミサイルを発射することはできますが、命中する可能性は低いです。","如果你在防空方面遇到困难，请务必阅读其说明中的有效射程。你可以在远超射程的距离外发射导弹，但命中概率很低。","如果你在防空方面遇到困難，請務必閱讀其說明中的有效射程。你可以在遠超射程的距離外發射飛彈，但命中機率很低。"
STR_WL_deathTip_024,"Activating radar gives away your position to most enemy air assets. This makes you an easy target for experienced jet pilots.","Zapnutí radaru prozradí vaši pozici většině nepřátelských leteckých prostředků. Pro zkušené piloty proudových letadel se tak stanete snadným cílem.","Activer le radar révèle votre position à la plupart des moyens aériens ennemis. Cela fait de vous une cible facile pour les pilotes de jet expérimentés.","Das Aktivieren des Radars verrät den meisten feindlichen Luftfahrzeugen deine Position. Dadurch wirst du für erfahrene Jetpiloten zu einem leichten Ziel.","Attivare il radar rivela la tua posizione alla maggior parte dei mezzi aerei nemici. Questo ti rende un bersaglio facile per i piloti di jet esperti.","Włączenie radaru zdradza twoją pozycję większości wrogich jednostek powietrznych. To czyni cię łatwym celem dla doświadczonych pilotów odrzutowców.","Ativar o radar revela sua posição para a maioria dos meios aéreos inimigos. Isso faz de você um alvo fácil para pilotos de jato experientes.","Включение радара выдаёт вашу позицию большинству вражеских воздушных средств. Это делает вас лёгкой целью для опытных пилотов реактивной авиации.","Activar el radar revela tu posición a la mayoría de los medios aéreos enemigos. Esto te convierte en un blanco fácil para pilotos de jet experimentados.","Radarı etkinleştirmek konumunuzu çoğu düşman hava unsuruna belli eder. Bu da sizi deneyimli jet pilotları için kolay hedef yapar.","레이더를 켜면 대부분의 적 항공 전력에게 위치가 노출됩니다. 숙련된 제트기 조종사에게 쉬운 표적이 됩니다.","レーダーを起動すると、ほとんどの敵航空戦力に位置が知られます。経験豊富なジェット機パイロットにとって格好の標的になります。","开启雷达会向大多数敌方空中单位暴露你的位置。这会让你成为有经验喷气机飞行员的容易目标。","開啟雷達會向大多數敵方空中單位暴露你的位置。這會讓你成為有經驗噴射機飛行員的容易目標。"
STR_WL_deathTip_025,"Secure wrecks for money and intel on enemy air assets. You may do this by loading them onto a flatbed truck or a slingloadable helicopter and moving them to a friendly sector.","Zajišťujte vraky kvůli penězům a informacím o nepřátelských leteckých prostředcích. Uděláte to tak, že je naložíte na valník nebo na vrtulník schopný podvěsu a přesunete je do spojeneckého sektoru.","Sécurisez les épaves pour obtenir de l'argent et des renseignements sur les moyens aériens ennemis. Vous pouvez le faire en les chargeant sur un camion plateau ou un hélicoptère capable d'emport sous élingue, puis en les déplaçant vers un secteur allié.","Sichere Wracks für Geld und Informationen über feindliche Luftfahrzeuge. Lade sie dazu auf einen Pritschenwagen oder an einen slingloadfähigen Hubschrauber und bringe sie in einen verbündeten Sektor.","Recupera i relitti per ottenere denaro e informazioni sui mezzi aerei nemici. Puoi farlo caricandoli su un camion pianale o su un elicottero abilitato al trasporto al gancio e spostandoli in un settore alleato.","Zabezpieczaj wraki, aby zdobywać pieniądze i dane o wrogich jednostkach powietrznych. Możesz to zrobić, ładując je na ciężarówkę platformę lub śmigłowiec z podwieszeniem i przewożąc do sektora sojuszniczego.","Proteja destroços para ganhar dinheiro e informações sobre meios aéreos inimigos. Você pode fazer isso carregando-os em um caminhão plataforma ou em um helicóptero capaz de slingload e levando-os para um setor aliado.","Захватывайте обломки ради денег и разведданных о вражеских воздушных средствах. Для этого погрузите их на платформенный грузовик или вертолёт с внешней подвеской и перевезите в дружественный сектор.","Asegura restos para obtener dinero e inteligencia sobre medios aéreos enemigos. Puedes hacerlo cargándolos en un camión plataforma o en un helicóptero con capacidad de carga suspendida y llevándolos a un sector aliado.","Para ve düşman hava unsurları hakkında istihbarat için enkazları güvenceye alın. Bunu onları düz kasalı kamyona veya askılı yük taşıyabilen bir helikoptere yükleyip dost bir sektöre taşıyarak yapabilirsiniz.","잔해를 확보하면 돈과 적 항공 전력에 대한 정보를 얻을 수 있습니다. 잔해를 평판 트럭이나 슬링로드 가능한 헬리콥터에 실어 아군 구역으로 옮기면 됩니다.","残骸を確保すると、資金と敵航空戦力に関する情報を得られます。フラットベッドトラックまたはスリングロード可能なヘリに積み、友軍セクターへ運ぶことで行えます。","回收残骸可以获得金钱和敌方空中单位情报。你可以将其装上平板卡车或可吊挂运输的直升机，并运往友方区域。","回收殘骸可以獲得金錢和敵方空中單位情報。你可以將其裝上平板卡車或可吊掛運輸的直升機，並運往友方區域。"
STR_WL_deathTip_026,"In aircraft, you can defeat incoming missiles by flying perpendicular to their approach vector and releasing countermeasures.","V letadle můžete přilétající střely překonat letem kolmo na jejich směr přiblížení a vypuštěním protiopatření.","En avion, vous pouvez éviter les missiles entrants en volant perpendiculairement à leur vecteur d'approche et en larguant des contre-mesures.","In Luftfahrzeugen kannst du anfliegende Raketen abwehren, indem du rechtwinklig zu ihrem Anflugvektor fliegst und Gegenmaßnahmen ausstößt.","In aereo, puoi neutralizzare i missili in arrivo volando perpendicolarmente al loro vettore di avvicinamento e rilasciando contromisure.","W samolocie możesz uniknąć nadlatujących pocisków, lecąc prostopadle do ich wektora podejścia i wypuszczając środki przeciwdziałania.","Em aeronaves, você pode escapar de mísseis chegando ao voar perpendicularmente ao vetor de aproximação deles e liberar contramedidas.","На самолёте можно сорвать наведение входящих ракет, летя перпендикулярно их вектору подхода и выпуская средства противодействия.","En una aeronave, puedes evadir misiles entrantes volando perpendicularmente a su vector de aproximación y soltando contramedidas.","Hava aracındayken yaklaşan füzeleri, geliş vektörlerine dik uçarak ve karşı önlemler bırakarak savuşturabilirsiniz.","항공기에서는 접근 벡터에 수직으로 비행하고 기만체를 방출하여 날아오는 미사일을 회피할 수 있습니다.","航空機では、接近してくるミサイルの進入ベクトルに対して垂直に飛行し、対抗手段を放出することで回避できます。","驾驶飞机时，你可以通过垂直于来袭导弹的接近方向飞行并释放反制措施来规避导弹。","駕駛飛機時，你可以透過垂直於來襲飛彈的接近方向飛行並釋放反制措施來規避飛彈。"
STR_WL_deathTip_027,"The most effective way to learn how to defeat air assets is by learning to fly yourself.","Nejúčinnější způsob, jak se naučit porážet letecké prostředky, je naučit se sám létat.","La façon la plus efficace d'apprendre à contrer les moyens aériens est d'apprendre à piloter vous-même.","Der effektivste Weg zu lernen, wie man Luftfahrzeuge bekämpft, ist, selbst fliegen zu lernen.","Il modo più efficace per imparare a sconfiggere i mezzi aerei è imparare a volare tu stesso.","Najskuteczniejszym sposobem nauczenia się, jak zwalczać jednostki powietrzne, jest samodzielna nauka latania.","A maneira mais eficaz de aprender a derrotar meios aéreos é aprender a pilotar você mesmo.","Самый эффективный способ научиться бороться с воздушными средствами — самому научиться летать.","La forma más eficaz de aprender a derrotar medios aéreos es aprender a volar tú mismo.","Hava unsurlarını nasıl alt edeceğinizi öğrenmenin en etkili yolu, kendiniz uçmayı öğrenmektir.","항공 전력을 격파하는 방법을 배우는 가장 효과적인 방법은 직접 비행을 배우는 것입니다.","航空戦力を倒す方法を学ぶ最も効果的な方法は、自分で飛べるようになることです。","学习如何击败空中单位的最有效方法，就是自己学会飞行。","學習如何擊敗空中單位的最有效方法，就是自己學會飛行。"
STR_WL_deathTip_028,"What goes up must come down. All jets eventually land. Camping enemy airfields is a legitimate tactic and can be a highly efficient way to degrade the enemy airforce.","Co vzlétne, musí zase přistát. Všechny proudové letouny nakonec přistanou. Číhání u nepřátelských letišť je legitimní taktika a může být velmi účinným způsobem, jak oslabit nepřátelské letectvo.","Tout ce qui monte doit redescendre. Tous les jets finissent par atterrir. Camper les aérodromes ennemis est une tactique légitime et peut être un moyen très efficace d'affaiblir l'aviation ennemie.","Was hochgeht, muss auch wieder herunterkommen. Alle Jets landen irgendwann. Das Campen feindlicher Flugfelder ist eine legitime Taktik und kann eine äußerst effiziente Methode sein, die feindliche Luftwaffe zu schwächen.","Ciò che sale deve scendere. Tutti i jet prima o poi atterrano. Accamparsi presso gli aeroporti nemici è una tattica legittima e può essere un modo molto efficiente per indebolire l'aviazione nemica.","Co wzleci, musi kiedyś opaść. Wszystkie odrzutowce w końcu lądują. Kampienie wrogich lotnisk to legalna taktyka i może być bardzo skutecznym sposobem osłabiania lotnictwa przeciwnika.","Tudo que sobe tem que descer. Todos os jatos acabam pousando. Acampar em aeródromos inimigos é uma tática legítima e pode ser uma forma altamente eficiente de enfraquecer a força aérea inimiga.","Что взлетело, то должно приземлиться. Все реактивные самолёты рано или поздно садятся. Засада у вражеских аэродромов — законная тактика и весьма эффективный способ ослабить вражескую авиацию.","Todo lo que sube tiene que bajar. Todos los jets terminan aterrizando. Campear aeródromos enemigos es una táctica legítima y puede ser una forma muy eficiente de degradar la fuerza aérea enemiga.","Yükselen her şey eninde sonunda iner. Tüm jetler sonunda iniş yapar. Düşman havaalanlarını kamp kurarak tutmak meşru bir taktiktir ve düşman hava gücünü yıpratmanın son derece etkili bir yolu olabilir.","올라간 것은 반드시 내려옵니다. 모든 제트기는 결국 착륙합니다. 적 비행장을 캠핑하는 것은 정당한 전술이며, 적 공군력을 약화시키는 매우 효율적인 방법이 될 수 있습니다.","上がったものは必ず下りてきます。すべてのジェット機はいずれ着陸します。敵飛行場を待ち伏せするのは正当な戦術であり、敵航空戦力を削ぐ非常に効率的な方法になり得ます。","有升必有降。所有喷气机最终都会降落。蹲守敌方机场是合法战术，并且可能是削弱敌方空军的高效方式。","有升必有降。所有噴射機最終都會降落。蹲守敵方機場是合法戰術，並且可能是削弱敵方空軍的高效方式。"
STR_WL_deathTip_029,"Heavy APS can be reloaded in the field. Exit your tank, scroll down, and pick the reload APS option.","Těžký APS lze dobít přímo v terénu. Vystupte z tanku, sjeďte dolů v nabídce a zvolte možnost dobít APS.","Le système APS lourd peut être rechargé sur le terrain. Sortez de votre char, faites défiler vers le bas et sélectionnez l’option de rechargement de l’APS.","Schwere APS-Systeme können im Feld nachgeladen werden. Verlassen Sie Ihren Panzer, scrollen Sie nach unten und wählen Sie die Option zum Nachladen des APS.","L'APS pesante può essere ricaricato sul campo. Esci dal carro armato, scorri verso il basso e seleziona l'opzione per ricaricare l'APS.","Ciężki APS można przeładować w terenie. Opuść czołg, przewiń menu w dół i wybierz opcję przeładowania APS.","O APS pesado pode ser recarregado em campo. Saia do seu tanque, role para baixo e selecione a opção de recarregar o APS.","Тяжёлый КАЗ можно перезарядить прямо в поле. Покиньте танк, прокрутите меню вниз и выберите опцию перезарядки КАЗ.","El APS pesado puede recargarse en el campo de batalla. Sal de tu tanque, desplázate hacia abajo y selecciona la opción para recargar el APS.","Ağır APS sahada yeniden yüklenebilir. Tankınızdan çıkın, aşağı kaydırın ve APS'yi yeniden yükle seçeneğini seçin.","중(重)형 APS는 야전에서 재장전할 수 있습니다. 전차에서 내린 뒤 아래로 스크롤하여 APS 재장전 옵션을 선택하세요.","重APSは戦場で再装填できます。戦車から降りて下へスクロールし、APS再装填オプションを選択してください。","重型APS可以在战场上重新装填。离开坦克，向下滚动菜单并选择“重新装填APS”选项。","重型APS可以在戰場上重新裝填。離開戰車，向下捲動選單並選擇「重新裝填APS」選項。"
STR_WL_decline,"Decline","Odmítnout","Refuser","Ablehnen","Rifiuta","Odrzuć","Recusar","Отклонить","Rechazar","Reddet","거절","拒否","拒绝","拒绝"
STR_WL_default,"Default","Výchozí","Par défaut","Standard","Predefinito","Domyślne","Padrão","По умолчанию","Predeterminado","Varsayılan","기본값","デフォルト","默认","預設"
STR_WL_defaultVtolAutoModeOff,"Default VTOL auto mode off","Automatický režim VTOL ve výchozím nastavení vypnut","Mode automatique VTOL désactivé par défaut","VTOL-Automatik standardmäßig aus","Modalità automatica VTOL disattivata per impostazione predefinita","Automatyczny tryb VTOL domyślnie wyłączony","Modo automático VTOL desativado por padrão","Автоматический режим VTOL по умолчанию выключен","Modo automático VTOL desactivado de forma predeterminada","VTOL otomatik modu varsayılan olarak kapalı","VTOL 자동 모드 기본 비활성화","VTOL自動モードをデフォルトでオフ","默认关闭 VTOL 自动模式","預設關閉 VTOL 自動模式"
STR_WL_defend,"DEFEND","OBRANA","DÉFENDRE","VERTEIDIGEN","DIFENDI","OBRONA","DEFENDER","ОБОРОНА","DEFENDER","SAVUN","방어","防衛","防守","防守"
STR_WL_deleteSmallTransportsOnExit,"Delete quad bike/water scooter on exit","Po vystoupení odstranit čtyřkolku / vodní skútr","Supprimer le quad / scooter des mers en quittant","Quad / Jetski beim Aussteigen löschen","Elimina quad / moto d’acqua all’uscita","Usuń quada / skuter wodny po wyjściu","Excluir quadriciclo / jet ski ao sair","Удалять квадроцикл / гидроцикл при выходе","Eliminar quad / moto acuática al salir","İnerken ATV / deniz motosikletini sil","하차 시 ATV / 수상 스쿠터 삭제","降車時にATV／水上スクーターを削除","离开时删除全地形车／水上摩托","離開時刪除全地形車／水上摩托"
STR_WL_demolish,"Demolish","Zdemolovat","Démolir","Abreißen","Demolisci","Wyburz","Demolir","Снести","Demoler","Yık","철거","解体","拆除","拆除"
STR_WL_deploy,"Deploy","Rozmístit","Déployer","Platzieren","Schiera","Rozmieść","Posicionar","Разместить","Desplegar","Konuşlandır","배치","設置","部署","部署"
STR_WL_deployDecoy,"Deploy Decoy","Rozmístit návnadu","Déployer un leurre","Täuschkörper platzieren","Schiera esca","Rozmieść wabik","Posicionar chamariz","Разместить ложную цель","Desplegar señuelo","Sahte hedef konuşlandır","미끼 배치","デコイを設置","部署诱饵","部署誘餌"
STR_WL_designateTeamPriority,"Designate team priority","Určit prioritu týmu","Définir la priorité de l’équipe","Teampriorität festlegen","Imposta la priorità della squadra","Ustaw priorytet drużyny","Definir prioridade da equipe","Назначить приоритет команды","Definir la prioridad del equipo","Takım önceliğini belirle","팀 우선순위 지정","チームの優先目標を指定","指定团队优先目标","指定團隊優先目標"
STR_WL_disableAutoRadar,"Disable AI Radar","Vypnout AI radar","Désactiver le radar IA","AI Radar deaktivieren","Disabilita radar IA","Wyłącz radar AI","Desativar radar de IA","Отключить ИИ радар","Desactivar radar de IA","AI Radarını Devre Dışı Bırak","AI 레이더 비활성화","AIレーダーを無効にする","禁用AI雷达","禁用AI雷達"
STR_WL_disableAutoRotate,"Disable Automatic Rotation","Vypnout automatické otáčení","Désactiver la rotation automatique","Automatische Rotation deaktivieren","Disabilita rotazione automatica","Wyłącz automatyczną rotację","Desativar rotação automática","Отключить автоматическое вращение","Desactivar rotación automática","Otomatik Dönüşü Devre Dışı Bırak","자동 회전 비활성화","自動回転を無効にする","禁用自动旋转","禁用自动旋转"
STR_WL_disableIncomingMissileIndicator,"Disable incoming missile indicator","Zakázat indikátor příchozí střely","Désactiver l’indicateur de missile entrant","Anzeige für anfliegende Raketen deaktivieren","Disattiva l’indicatore dei missili in arrivo","Wyłącz wskaźnik nadlatującego pocisku","Desativar indicador de míssil se aproximando","Отключить индикатор приближающейся ракеты","Desactivar indicador de misil entrante","Yaklaşan füze göstergesini devre dışı bırak","접근 미사일 표시기 비활성화","接近ミサイルインジケーターを無効化","禁用来袭导弹指示器","停用來襲飛彈指示器"
STR_WL_disableMissileCameras,"Disable missile cameras","Zakázat kamery střel","Désactiver les caméras de missile","Raketenkameras deaktivieren","Disattiva le telecamere dei missili","Wyłącz kamery pocisków","Desativar câmeras de mísseis","Отключить камеры ракет","Desactivar cámaras de misiles","Füze kameralarını devre dışı bırak","미사일 카메라 비활성화","ミサイルカメラを無効化","禁用导弹摄像机","停用飛彈攝影機"
STR_WL_disableThirdPersonView,"Disable 3rd person view (2x reward)","Zakázat pohled ze 3. osoby (2× odměna)","Désactiver la vue à la 3e personne (récompense x2)","Third-Person-Ansicht deaktivieren (2-fache Belohnung)","Disattiva visuale in terza persona (ricompensa x2)","Wyłącz widok trzecioosobowy (2x nagroda)","Desativar visão em terceira pessoa (recompensa 2x)","Отключить вид от третьего лица (награда x2)","Desactivar vista en tercera persona (recompensa x2)","Üçüncü şahıs görünümünü devre dışı bırak (2x ödül)","3인칭 시점 비활성화(보상 2배)","三人称視点を無効化（報酬2倍）","禁用第三人称视角（2倍奖励）","停用第三人稱視角（2倍獎勵）"
STR_WL_donateMoneyInfo,"%1 donated %3 to %2.","%1 daroval %3 %2.","%1 a fait un don de %3 à %2.","%1 hat %3 an %2 gestiftet.","%1 ha donato %3 a %2.","%1 przekazał %3 dla %2.","%1 doou %3 para %2.","%1 пожертвовал %3 %2.","%1 ha donado %3 a %2.","%1 tarafından %3 bağışlandı %2 tarafına.","%1이 %2에게 %3를 기부했습니다.","%1は%2に%3を寄付しました。","%1捐赠了%3给%2。","%1捐贈了%3給%2。"
STR_WL_downed,"DOWNED","VYŘAZEN","À TERRE","AUSSER GEFECHT","A TERRA","POWALONY","CAÍDO","ВЫВЕДЕН ИЗ СТРОЯ","ABATIDO","YERE DÜŞTÜ","쓰러짐","戦闘不能","倒地","倒地"
STR_WL_drone,"Drone","Dron","Drone","Drohne","Drone","Dron","Drone","Дрон","Dron","Dron","드론","ドローン","无人机","無人機"
STR_WL_dronePing,"Drone ping","Ping dronu","Ping du drone","Drohnen-Ping","Ping del drone","Ping drona","Ping do drone","Пинг дрона","Ping del dron","Dron pingi","드론 핑","ドローンのPing","无人机提示音","無人機提示音"
STR_WL_earplugs,"Earplugs","Špunty do uší","Bouchons d’oreilles","Ohrstöpsel","Tappi per le orecchie","Zatyczki do uszu","Protetores auriculares","Беруши","Tapones para los oídos","Kulak tıkaçları","귀마개","耳栓","耳塞","耳塞"
STR_WL_emptyLabel,"- EMPTY -","- PRÁZDNÉ -","- VIDE -","- LEER -","- VUOTO -","- PUSTE -","- VAZIO -","- ПУСТО -","- VACÍO -","- BOŞ -","- 비어 있음 -","- 空 -","- 空 -","- 空 -"
STR_WL_enableAlliedDemolition,"Enable allied demolition (punishable)","Povolit ničení spojeneckých objektů (trestné)","Autoriser la démolition alliée (punissable)","Zerstörung verbündeter Objekte erlauben (strafbar)","Abilita demolizione alleata (punibile)","Włącz niszczenie obiektów sojuszniczych (karalne)","Permitir demolição aliada (punível)","Разрешить уничтожение союзных объектов (наказуемо)","Permitir demolición aliada (sancionable)","Müttefik yıkımını etkinleştir (cezalandırılabilir)","아군 시설 파괴 허용(처벌 가능)","味方施設の破壊を有効化（処罰対象）","允许拆除友军设施（可处罚）","允許拆除友軍設施（可處罰）"
STR_WL_enableAutoRadar,"Enable AI Radar","Povolit AI radar","Activer le radar IA","AI Radar aktivieren","Abilita radar IA","Włącz radar AI","Ativar radar de IA","Включить ИИ радар","Activar radar de IA","AI Radarını Etkinleştir","AI 레이더 활성화","AIレーダーを有効にする","启用AI雷达","啟用AI雷達"
STR_WL_enableAutoRotate,"Enable Automatic Rotation","Povolit automatické otáčení","Activer la rotation automatique","Automatische Rotation aktivieren","Abilita rotazione automatica","Włącz automatyczną rotację","Ativar rotação automática","Включить автоматическое вращение","Activar rotación automática","Otomatik Dönüşü Etkinleştir","자동 회전 활성화","自動回転を有効にする","启用自动旋转","啟用自動旋轉"
STR_WL_enemy,"Enemy","Nepřítel","Ennemi","Feind","Nemico","Wróg","Inimigo","Противник","Enemigo","Düşman","적","敵","敌方","敵方"
STR_WL_enemyBase,"Enemy base","Nepřátelská základna","Base ennemie","Feindliche Basis","Base nemica","Baza wroga","Base inimiga","Вражеская база","Base enemiga","Düşman üssü","적 기지","敵基地","敌方基地","敵方基地"
STR_WL_enemyTargetSectorChanged,"Enemy target sector changed.","Nepřátelský cílový sektor se změnil.","Le secteur cible ennemi a changé.","Der Zielsektor des Feindes hat sich geändert.","Il settore bersaglio del nemico è cambiato.","Sektor celu wroga uległ zmianie.","O setor-alvo inimigo mudou.","Сектор цели противника изменился.","El sector objetivo enemigo ha cambiado.","Düşmanın hedef sektörü değişti.","적 목표 구역이 변경되었습니다.","敵の目標セクターが変更されました。","敌方目标区域已变更。","敵方目標區域已變更。"
STR_WL_enterLoadoutName,"Enter Loadout Name:","Zadejte název vybavení:","Entrez le nom de l'armement :","Ladungsname eingeben:","Inserisci il nome della configurazione:","Wprowadź nazwę wyposażenia:","Insira o nome do carregamento:","Введите название нагрузки:","Ingrese el nombre de la configuración:","Yükleme adını girin:","장비 이름 입력:","装備名を入力してください:","输入配置名称：","輸入配置名稱："
STR_WL_eventMusic,"Event music","Hudba událostí","Musique des événements","Eventmusik","Musica degli eventi","Muzyka wydarzeń","Música de eventos","Музыка событий","Música de eventos","Etkinlik müziği","이벤트 음악","イベント音楽","活动音乐","活動音樂"
STR_WL_fastTravel,"Fast travel","Rychlé cestování","Voyage rapide","Schnellreise","Viaggio rapido","Szybka podróż","Viagem rápida","Быстрое перемещение","Viaje rápido","Hızlı seyahat","빠른 이동","ファストトラベル","快速旅行","快速旅行"
STR_WL_fastTravelAirAssault,"Fast travel air assault","Rychlé cestování leteckým výsadkem","Voyage rapide par assaut aérien","Schnellreise per Luftangriff","Viaggio rapido con assalto aereo","Szybka podróż desantem powietrznym","Viagem rápida por assalto aéreo","Быстрое перемещение воздушным десантом","Viaje rápido mediante asalto aéreo","Hava hücumuyla hızlı seyahat","공중 강습으로 빠른 이동","航空強襲でファストトラベル","通过空中突击快速旅行","透過空中突擊快速旅行"
STR_WL_fastTravelAiToMe,"Fast travel AI to me","Rychle přesunout AI ke mně","Faire voyager rapidement l’IA jusqu’à moi","KI per Schnellreise zu mir holen","Fai viaggiare rapidamente l’IA da me","Przenieś AI szybko do mnie","Fazer a IA viajar rapidamente até mim","Быстро переместить ИИ ко мне","Hacer que la IA viaje rápido hasta mí","Yapay zekâyı hızlı seyahatle yanıma getir","AI를 내 위치로 빠르게 이동","AIを自分の位置へファストトラベル","让 AI 快速旅行到我这里","讓 AI 快速旅行到我這裡"
STR_WL_fastTravelForwardBase,"Fast travel forward base","Rychlé cestování na předsunutou základnu","Voyage rapide vers la base avancée","Schnellreise zur vorgeschobenen Basis","Viaggio rapido alla base avanzata","Szybka podróż do bazy wysuniętej","Viagem rápida para a base avançada","Быстрое перемещение на передовую базу","Viaje rápido a la base avanzada","İleri üsse hızlı seyahat","전방 기지로 빠른 이동","前線基地へファストトラベル","快速旅行至前进基地","快速旅行至前進基地"
STR_WL_fastTravelHome,"Fast travel home","Rychlé cestování domů","Voyage rapide vers la base","Schnellreise zur Heimatbasis","Viaggio rapido alla base","Szybka podróż do bazy macierzystej","Viagem rápida para a base principal","Быстрое перемещение на домашнюю базу","Viaje rápido a la base principal","Ana üsse hızlı seyahat","본진으로 빠른 이동","本拠地へファストトラベル","快速旅行至己方基地","快速旅行至己方基地"
STR_WL_fastTravelNearStronghold,"Fast travel near stronghold","Rychlé cestování poblíž pevnosti","Voyage rapide près de la forteresse","Schnellreise in die Nähe der Festung","Viaggio rapido vicino alla roccaforte","Szybka podróż w pobliże twierdzy","Viagem rápida para perto da fortaleza","Быстрое перемещение к укреплению","Viaje rápido cerca de la fortaleza","Kalenin yakınına hızlı seyahat","거점 근처로 빠른 이동","拠点付近へファストトラベル","快速旅行至据点附近","快速旅行至據點附近"
STR_WL_fastTravelRandom,"Fast travel (random spot)","Rychlé cestování (náhodně)","Voyage rapide (aléatoire)","Schnellreise (zufällig)","Viaggio rapido (casuale)","Szybka podróż (losowo)","Viagem rápida (aleatória)","Быстрое перемещение (случайно)","Viaje rápido (aleatorio)","Hızlı seyahat (rastgele)","빠른 이동(무작위)","ファストトラベル（ランダム）","快速旅行（随机）","快速旅行（隨機）"
STR_WL_fastTravelStronghold,"Fast travel stronghold","Rychlé cestování do pevnosti","Voyage rapide vers la forteresse","Schnellreise zur Festung","Viaggio rapido alla roccaforte","Szybka podróż do twierdzy","Viagem rápida para a fortaleza","Быстрое перемещение в укрепление","Viaje rápido a la fortaleza","Kaleye hızlı seyahat","거점으로 빠른 이동","拠点へファストトラベル","快速旅行至据点","快速旅行至據點"
STR_WL_fastTravelTent,"Fast travel tent","Stan rychlého cestování","Tente de voyage rapide","Schnellreise-Zelt","Tenda di viaggio rapido","Namiot szybkiej podróży","Tenda de viagem rápida","Палатка быстрого перемещения","Tienda de viaje rápido","Hızlı seyahat çadırı","빠른 이동 텐트","ファストトラベル用テント","快速旅行帐篷","快速旅行帳篷"
STR_WL_fastTravelWithMe,"Fast travel with me","Rychle cestovat se mnou","Voyager rapidement avec moi","Mit mir schnellreisen","Viaggia rapidamente con me","Podróżuj szybko ze mną","Viajar rapidamente comigo","Быстро переместиться со мной","Viajar rápido conmigo","Benimle hızlı seyahat et","나와 함께 빠른 이동","私と一緒にファストトラベル","与我一起快速旅行","與我一起快速旅行"
STR_WL_fileHelpAA,"src\help\aa_english.txt","src\help\aa_english.txt","src\help\aa_english.txt","src\help\aa_english.txt","src\help\aa_english.txt","src\help\aa_english.txt","src\help\aa_english.txt","src\help\aa_russian.txt","src\help\aa_english.txt","src\help\aa_english.txt","src\help\aa_english.txt","src\help\aa_english.txt","src\help\aa_chinese.txt","src\help\aa_chinese.txt"
STR_WL_fileHelpCapture,"src\help\cap_english.txt","src\help\cap_english.txt","src\help\cap_english.txt","src\help\cap_english.txt","src\help\cap_english.txt","src\help\cap_english.txt","src\help\cap_english.txt","src\help\cap_english.txt","src\help\cap_english.txt","src\help\cap_english.txt","src\help\cap_english.txt","src\help\cap_english.txt","src\help\cap_english.txt","src\help\cap_english.txt"
STR_WL_fixedWing,"Fixed Wing","Letadla","Avions","Starrflügler","Aerei","Samoloty","Aeronaves de asa fixa","Самолеты","Aeronaves de ala fija","Sabit Kanatlılar","고정익","固定翼機","固定翼机","固定翼機"
STR_WL_fixedWingInfo,"Planes and VTOL aircraft.","Letadla a VTOL stroje.","Avions et appareils VTOL.","Flugzeuge und VTOL-Fluggeräte.","Aerei e velivoli VTOL.","Samoloty i pojazdy VTOL.","Aviões e aeronaves VTOL.","Самолеты и аппараты с вертикальным взлетом и посадкой.","Aviones y aeronaves VTOL.","Uçaklar ve VTOL hava araçları.","비행기 및 수직 이착륙 항공기.","飛行機とVTOL機。","飞机和垂直起降飞机。","飛機和垂直起降飛機。"
STR_WL_forwardBase,"Forward Base","Předsunutá základna","Base avancée","Vorgeschobener Stützpunkt","Base avanzata","Wysunięta baza","Base avançada","Передовая база","Base avanzada","İleri üs","전진 기지","前線基地","前线基地","前線基地"
STR_WL_ftAirAssault,"Fast travel air assault","Rychlý přesun letečným útokem","Voyage rapide par assaut aérien","Schnellreise per Luftangriff","Viaggio rapido con assalto aereo","Szybka podróż – desant powietrzny","Viagem rápida por assalto aéreo","Быстрое перемещение воздушным штурмом","Viaje rápido por asalto aéreo","Hava saldırısı ile hızlı seyahat","공중 강습으로 빠른 이동","空中強襲でファストトラベル","空中突击快速移动","空中突擊快速移動"
STR_WL_ftAirAssaultInfo,"Attack the contested sector by dropping into it with a parachute.","Zaútočte na sporný sektor seskokem padákem.","Attaquez le secteur contesté en y étant largué en parachute.","Greife den umkämpften Sektor durch einen Fallschirmsprung an.","Attacca il settore conteso lanciandoti con il paracadute.","Atakuj sporny sektor, desantując się na niego ze spadochronem.","Ataque o setor contestado saltando nele de paraquedas.","Атакуйте спорный сектор, высадившись в него с парашютом.","Ataca el sector en disputa lanzándote en paracaídas.","Paraşütle inerek çekişmeli sektöre saldır.","낙하산으로 강하하여 분쟁 중인 구역을 공격합니다.","パラシュート降下で争奪中のセクターを攻撃します。","通过伞降进入争夺中的区域并发动攻击。","透過傘降進入爭奪中的區域並發動攻擊。"
STR_WL_ftBuyStronghold,"Purchase sector stronghold","Nákup opevnění sektoru","Acheter la forteresse du secteur","Sektor-Festung kaufen","Acquista la roccaforte del settore","Kup twierdzę sektora","Comprar fortaleza do setor","Приобрести укрепление сектора","Comprar fortaleza del sector","Sektör kalesi satın al","구역 요새 구매","セクター要塞を購入","购买区域要塞","購買區域要塞"
STR_WL_ftBuyStrongholdInfo,"Fortifies the nearest building in your sector with a stronghold (one per sector at a time). This will replace the current stronghold if one exists.","Opevní nejbližší budovu ve vašem sektoru na opevnění (v jednom sektoru může být vždy pouze jedno). Pokud již existuje, nahradí současné opevnění.","Fortifie le bâtiment le plus proche de votre secteur en une forteresse (une seule par secteur à la fois). Cela remplacera la forteresse actuelle si elle existe.","Verstärkt das nächstgelegene Gebäude in deinem Sektor zu einer Festung (nur eine pro Sektor gleichzeitig). Eine vorhandene Festung wird dabei ersetzt.","Fortifica l’edificio più vicino nel tuo settore trasformandolo in una roccaforte (una sola per settore alla volta). Sostituirà l’attuale roccaforte, se presente.","Umacnia najbliższy budynek w twoim sektorze, tworząc twierdzę (tylko jedna na sektor jednocześnie). Zastąpi obecną twierdzę, jeśli taka istnieje.","Fortifica o edifício mais próximo no seu setor com uma fortaleza (apenas uma por setor de cada vez). Isso substituirá a fortaleza atual, se existir.","Укрепляет ближайшее здание в вашем секторе, превращая его в укрепление (только одно на сектор одновременно). Существующее укрепление будет заменено.","Fortifica el edificio más cercano de tu sector convirtiéndolo en una fortaleza (solo una por sector a la vez). Reemplazará la fortaleza actual si existe.","Sektöründeki en yakın binayı bir kaleye dönüştürerek güçlendirir (aynı anda sektör başına yalnızca bir tane). Mevcut bir kale varsa onun yerini alır.","구역 내 가장 가까운 건물을 요새로 강화합니다(구역당 한 개만 가능). 기존 요새가 있으면 교체됩니다.","自分のセクター内で最も近い建物を要塞として強化します（セクターごとに同時に1つまで）。既存の要塞がある場合は置き換えられます。","将你所在区域内最近的建筑强化为要塞（每个区域同时只能存在一个）。如果已有要塞，将会被替换。","將你所在區域內最近的建築強化為要塞（每個區域同時只能存在一個）。如果已有要塞，將會被取代。"
STR_WL_ftFrontline,"Fast travel to frontline","Rychlý přesun na frontu","Voyage rapide vers le front","Schnellreise zur Front","Viaggio rapido al fronte","Szybka podróż na linię frontu","Viagem rápida para a linha de frente","Быстрое перемещение на линию фронта","Viaje rápido al frente","Cepheye hızlı seyahat","전선으로 빠른 이동","前線へファストトラベル","快速移动至前线","快速移動至前線"
STR_WL_ftFrontlineInfo,"Fast travel to the frontline, which is the team priority location designated by squad leaders.","Rychlý přesun na frontu, která je prioritním místem týmu určeným veliteli družstev.","Voyage rapide vers le front, qui est l’emplacement prioritaire de l’équipe désigné par les chefs d’escouade.","Schnellreise zur Front, dem von den Truppführern festgelegten Prioritätsziel des Teams.","Viaggio rapido verso il fronte, che è la posizione prioritaria della squadra designata dai capisquadra.","Szybka podróż na linię frontu, czyli priorytetowe miejsce drużyny wyznaczone przez dowódców oddziałów.","Viagem rápida para a linha de frente, que é a localização prioritária da equipe designada pelos líderes de esquadrão.","Быстрое перемещение на линию фронта — приоритетную точку команды, назначенную командирами отделений.","Viaje rápido al frente, que es la ubicación prioritaria del equipo designada por los líderes de escuadra.","Takım liderleri tarafından belirlenen, ekibin öncelikli konumu olan cepheye hızlı seyahat.","분대장이 지정한 팀의 우선 위치인 전선으로 빠르게 이동합니다.","分隊長によって指定された、チームの優先地点である前線へファストトラベルします。","快速移动至前线，该位置是由小队长指定的团队优先地点。","快速移動至前線，該位置是由小隊長指定的團隊優先地點。"
STR_WL_ftHome,"Fast travel to home base","Rychlý přesun na domovskou základnu","Voyage rapide vers la base principale","Schnellreise zur Heimatbasis","Viaggio rapido alla base principale","Szybka podróż do bazy głównej","Viagem rápida para a base principal","Быстрое перемещение на главную базу","Viaje rápido a la base principal","Ana üsse hızlı seyahat","본부 기지로 빠른 이동","本拠地へファストトラベル","快速移动至主基地","快速移動至主基地"
STR_WL_ftSquadLeader,"Fast travel to squad leader","Rychlé cestování k veliteli jednotky","Voyage rapide vers le chef d'escouade","Schnellreise zum Truppführer","Viaggio veloce al capo squadra","Szybka podróż do dowódcy drużyny","Viagem rápida para o líder do esquadrão","Быстрое перемещение к лидеру отряда","Viaje rápido al líder del escuadrón","Takım Liderine Hızlı Seyahat","분대장에게 빠른 이동","分隊長への高速移動","快速旅行到小队队长","快速旅行到小隊隊長"
STR_WL_ftSquadLeaderInvalid,"You are the squad leader.","Jste velitel jednotky.","Vous êtes le chef d'escouade.","Du bist der Truppführer.","Sei il capo squadra.","Jesteś dowódcą drużyny.","Você é o líder do esquadrão.","Вы лидер отряда.","Eres el líder del escuadrón.","Takım liderisin.","당신이 분대장입니다.","あなたは分隊長です。","你是小队队长。","你是小隊隊長。"
STR_WL_ftSquadLeaderUnavailable,"Your squad leader is unavailable.","Váš velitel jednotky není k dispozici.","Votre chef d'escouade n'est pas disponible.","Ihr Truppführer ist nicht verfügbar.","Il tuo capo squadra non è disponibile.","Twój dowódca drużyny jest niedostępny.","Seu líder do esquadrão está indisponível.","Ваш лидер отряда недоступен.","Tu líder del escuadrón no está disponible.","Takım lideriniz mevcut değil.","분대장이 사용할 수 없습니다.","分隊長は利用できません。","你的小队队长不可用。","你的小隊隊長不可用。"
STR_WL_ftTent,"Fast travel to tent","Rychlý přesun ke stanu","Voyage rapide vers la tente","Schnellreise zum Zelt","Viaggio rapido alla tenda","Szybka podróż do namiotu","Viagem rápida para a tenda","Быстрое перемещение к палатке","Viaje rápido a la tienda","Çadıra hızlı seyahat","텐트로 빠른 이동","テントへファストトラベル","快速移动至帐篷","快速移動至帳篷"
STR_WL_ftTentInfo,"Fast travel to your tent. You can deploy a tent by throwing a chemlight of any color.","Rychlý přesun k vašemu stanu. Stan můžete rozložit hozením chemického světla libovolné barvy.","Voyage rapide vers votre tente. Vous pouvez déployer une tente en lançant un bâton lumineux de n’importe quelle couleur.","Schnellreise zu deinem Zelt. Du kannst ein Zelt errichten, indem du ein Knicklicht beliebiger Farbe wirfst.","Viaggio rapido verso la tua tenda. Puoi schierare una tenda lanciando un chemlight di qualsiasi colore.","Szybka podróż do twojego namiotu. Możesz rozstawić namiot, rzucając chemiczne światło dowolnego koloru.","Viagem rápida para a sua tenda. Você pode montar uma tenda lançando um bastão luminoso de qualquer cor.","Быстрое перемещение к вашей палатке. Вы можете установить палатку, бросив химический источник света любого цвета.","Viaje rápido a tu tienda. Puedes desplegar una tienda lanzando una luz química de cualquier color.","Çadırına hızlı seyahat et. Herhangi bir renkte kimyasal ışık atarak çadır kurabilirsin.","자신의 텐트로 빠르게 이동합니다. 어떤 색이든 케미컬 라이트를 던져 텐트를 설치할 수 있습니다.","自分のテントへファストトラベルします。任意の色のケミカルライトを投げることでテントを設置できます。","快速移动至你的帐篷。投掷任意颜色的化学荧光棒即可部署帐篷。","快速移動至你的帳篷。投擲任意顏色的化學螢光棒即可部署帳篷。"
STR_WL_generalSettings,"General settings","Obecná nastavení","Paramètres généraux","Allgemeine Einstellungen","Impostazioni generali","Ustawienia ogólne","Configurações gerais","Общие настройки","Ajustes generales","Genel ayarlar","일반 설정","一般設定","常规设置","一般設定"
STR_WL_goBack,"Go Back","Vrátit Se","Retourner","Zurück","Torna Indietro","Wróć","Voltar","Назад","Volver","Gerî Dön","돌아가기","戻る","返回","返回"
STR_WL_goButton,"Go","Jít","Aller","Los","Vai","Idź","Ir","Вперёд","Ir","Git","이동","進む","前往","前往"
STR_WL_gotSquadInvite,"%1 invited you to join %2.","%1 vás pozval(a) do %2.","%1 vous a invité à rejoindre %2.","%1 hat Sie eingeladen, %2 beizutreten.","%1 ti ha invitato a unirti a %2.","%1 zaprosił(a) Cię do dołączenia do %2.","%1 convidou você para entrar no %2.","%1 пригласил(а) вас присоединиться к %2.","%1 te ha invitado a unirte a %2.","%1 seni %2'ye katılmaya davet etti.","%1님이 %2에 초대했습니다.","%1が%2に招待しました。","%1邀请您加入%2。","%1邀请您加入%2。"
STR_WL_groundVehicle,"Ground vehicle","Pozemní vozidlo","Véhicule terrestre","Bodenfahrzeug","Veicolo terrestre","Pojazd lądowy","Veículo terrestre","Наземная техника","Vehículo terrestre","Kara aracı","지상 차량","地上車両","地面载具","地面載具"
STR_WL_heavyVehicleInfo,"Heavily armored ground vehicles built for durability and carrying specialized weaponry.","Silně obrněná pozemní vozidla vyrobená pro odolnost a nesoucí speciální zbraně.","Véhicules terrestres lourdement blindés conçus pour la durabilité et équipés d'armements spécialisés.","Schwer gepanzerte Bodenfahrzeuge, die auf Haltbarkeit und spezielle Bewaffnung ausgelegt sind.","Veicoli terrestri pesantemente corazzati progettati per la durata e per il trasporto di armi specializzate.","Mocno opancerzone pojazdy naziemne zaprojektowane pod kątem trwałości i przenoszenia specjalistycznego uzbrojenia.","Veículos terrestres fortemente blindados projetados para durabilidade e transporte de armamento especializado.","Сильно бронированные наземные машины, рассчитанные на долговечность и оснащенные специальным вооружением.","Vehículos terrestres fuertemente blindados diseñados para durabilidad y equipados con armamento especializado.","Dayanıklılık ve özel silah sistemlerini taşımak için tasarlanmış ağır zırhlı kara araçları.","내구성과 특수 무기 운반을 위해 제작된 중장갑 지상 차량.","耐久性と特殊武器の搭載のために設計された重装甲地上車両。","为耐用性和携带专业武器设计的重型装甲地面车辆。","為耐用性和攜帶專業武器設計的重型裝甲地面車輛。"
STR_WL_heavyVehicles,"Heavy Vehicles","Těžká vozidla","Véhicules lourds","Schwere Fahrzeuge","Veicoli pesanti","Pojazdy ciężkie","Veículos pesados","Тяжелые машины","Vehículos pesados","Ağır Araçlar","중량 차량","重車両","重型车辆","重型車輛"
STR_WL_hideBuyMenu,"Hide: Buy menu","Skrýt: Nabídka nákupu","Masquer : Menu d’achat","Ausblenden: Kaufmenü","Nascondi: Menu acquisti","Ukryj: Menu zakupu","Ocultar: Menu de compra","Скрыть: Меню покупки","Ocultar: Menú de compra","Gizle: Satın alma menüsü","숨기기: 구매 메뉴","非表示：購入メニュー","隐藏：购买菜单","隱藏：購買選單"
STR_WL_hideFrontlineAction,"Hide: Frontline action","Skrýt: Akce na frontové linii","Masquer : Action de ligne de front","Ausblenden: Frontlinienaktion","Nascondi: Azione in prima linea","Ukryj: Akcja na linii frontu","Ocultar: Ação da linha de frente","Скрыть: Действие на линии фронта","Ocultar: Acción de primera línea","Gizle: Cephe hattı eylemi","숨기기: 최전선 행동","非表示：前線アクション","隐藏：前线行动","隱藏：前線行動"
STR_WL_hideNonMandatoryConscriptionNotices,"Hide non-mandatory conscription notices","Skrýt nepovinná oznámení o odvodu","Masquer les avis de conscription non obligatoires","Nicht verpflichtende Einberufungshinweise ausblenden","Nascondi gli avvisi di coscrizione non obbligatori","Ukryj nieobowiązkowe powiadomienia o poborze","Ocultar avisos de recrutamento não obrigatórios","Скрыть необязательные уведомления о призыве","Ocultar avisos de reclutamiento no obligatorios","Zorunlu olmayan askerlik bildirimlerini gizle","필수가 아닌 징집 알림 숨기기","必須ではない徴兵通知を非表示","隐藏非强制征兵通知","隱藏非強制徵兵通知"
STR_WL_hideScrollMenus,"Hide scroll menus (requires respawn)","Skrýt rolovací nabídky (vyžaduje znovunasazení)","Masquer les menus de défilement (réapparition requise)","Scrollmenüs ausblenden (Respawn erforderlich)","Nascondi i menu di scorrimento (richiede il respawn)","Ukryj menu przewijane (wymaga odrodzenia)","Ocultar menus de rolagem (requer renascimento)","Скрыть меню прокрутки (требуется возрождение)","Ocultar menús de desplazamiento (requiere reaparición)","Kaydırma menülerini gizle (yeniden doğma gerekir)","스크롤 메뉴 숨기기(리스폰 필요)","スクロールメニューを非表示（リスポーンが必要）","隐藏滚动菜单（需要重生）","隱藏捲動選單（需要重生）"
STR_WL_hitmarker,"Hitmarker","Indikátor zásahu","Indicateur de touche","Treffermarker","Indicatore colpo","Znacznik trafienia","Indicador de acerto","Индикатор попадания","Indicador de impacto","Vuruş göstergesi","명중 표시","ヒットマーカー","命中标记","命中標記"
STR_WL_incendiaryStrands,"Incendiary strands","Zápalná vlákna","Filaments incendiaires","Brandfäden","Filamenti incendiari","Smugi zapalające","Filamentos incendiários","Зажигательные нити","Filamentos incendiarios","Yanıcı izler","소이 불꽃 가닥","焼夷弾の火線","燃烧轨迹","燃燒軌跡"
STR_WL_incomingIndicatorPositionLeft,"Incoming indicator position (left %)","Pozice indikátoru příchozí hrozby (zleva %)","Position de l’indicateur d’approche (gauche %)","Position der Annäherungsanzeige (links %)","Posizione indicatore in arrivo (sinistra %)","Pozycja wskaźnika nadlatującego zagrożenia (od lewej %)","Posição do indicador de aproximação (esquerda %)","Положение индикатора приближения (слева %)","Posición del indicador de aproximación (izquierda %)","Yaklaşan tehdit göstergesi konumu (sol %)","접근 경고 표시 위치(왼쪽 %)","接近インジケーター位置（左 %）","来袭指示器位置（左 %）","來襲指示器位置（左 %）"
STR_WL_incomingIndicatorPositionTop,"Incoming indicator position (top %)","Pozice indikátoru příchozí hrozby (shora %)","Position de l’indicateur d’approche (haut %)","Position der Annäherungsanzeige (oben %)","Posizione indicatore in arrivo (alto %)","Pozycja wskaźnika nadlatującego zagrożenia (od góry %)","Posição do indicador de aproximação (superior %)","Положение индикатора приближения (сверху %)","Posición del indicador de aproximación (arriba %)","Yaklaşan tehdit göstergesi konumu (üst %)","접근 경고 표시 위치(위쪽 %)","接近インジケーター位置（上 %）","来袭指示器位置（上 %）","來襲指示器位置（上 %）"
STR_WL_independent,"Independent","Nezávislí","Indépendants","Unabhängig","Indipendenti","Niezależni","Independente","Независимые","Independiente","Bağımsız","독립군","独立勢力","独立方","獨立方"
STR_WL_infantry,"Infantry","Pěchota","Infanterie","Infanterie","Fanteria","Piechota","Infantaria","Пехота","Infantería","Piyade","보병","歩兵","步兵","步兵"
STR_WL_infoMenuInfo,"Open the info menu","Otevřete informační menu","Ouvrir le menu d'information","Öffne das Informationsmenü","Apri il menu informazioni","Otwórz menu informacji","Abra o menu de informações","Открыть информационное меню","Abrir el menú de información","Bilgi menüsünü açın.","정보 메뉴 열기","情報メニューを開きます","打开信息菜单","打开信息菜单"
STR_WL_jamDrones,"Look at flying drones to jam them. Capture enemy wrecks to increase jamming range.","Dívejte se na letící drony, abyste je rušili. Obsazujte nepřátelské vraky, abyste zvýšili dosah rušení.","Regardez les drones en vol pour les brouiller. Capturez les épaves ennemies pour augmenter la portée du brouillage.","Sieh fliegende Drohnen an, um sie zu stören. Sichere feindliche Wracks, um die Störreichweite zu erhöhen.","Guarda i droni in volo per disturbarli. Cattura i relitti nemici per aumentare la portata del disturbo.","Patrz na lecące drony, aby je zakłócać. Przejmuj wraki wrogów, aby zwiększyć zasięg zakłócania.","Olhe para os drones em voo para interferir neles. Capture destroços inimigos para aumentar o alcance da interferência.","Смотрите на летящие дроны, чтобы подавлять их. Захватывайте вражеские обломки, чтобы увеличить дальность подавления.","Mira los drones en vuelo para interferirlos. Captura restos enemigos para aumentar el alcance de la interferencia.","Uçan dronlara bakarak sinyallerini boz. Sinyal bozma menzilini artırmak için düşman enkazlarını ele geçir.","비행 중인 드론을 바라보며 교란하세요. 적의 잔해를 확보해 교란 범위를 늘리세요.","飛行中のドローンを見て妨害してください。敵の残骸を確保して妨害範囲を広げてください。","看向飞行中的无人机以干扰它们。占领敌方残骸以扩大干扰范围。","看向飛行中的無人機以干擾它們。佔領敵方殘骸以擴大干擾範圍。"
STR_WL_kick,"Kick","Vyhodit","Expulser","Rauswerfen","Espelli","Wyrzuć","Expulsar","Выгнать","Expulsar","Araçtan at","내보내기","降ろす","踢下车","踢下車"
STR_WL_kickPlayers,"Kick players from all vehicles","Vyhodit hráče ze všech vozidel","Expulser les joueurs de tous les véhicules","Spieler aus allen Fahrzeugen werfen","Espelli i giocatori da tutti i veicoli","Wyrzuć graczy ze wszystkich pojazdów","Expulsar jogadores de todos os veículos","Высадить игроков из всей техники","Expulsar a los jugadores de todos los vehículos","Oyuncuları tüm araçlardan at","모든 차량에서 플레이어 내보내기","すべての車両からプレイヤーを降ろす","将玩家踢出所有载具","將玩家踢出所有載具"
STR_WL_killfeedBadgeShowTime,"Killfeed badge show time (s)","Doba zobrazení odznaku přehledu zabití (s)","Durée d’affichage de l’insigne du fil d’éliminations (s)","Anzeigedauer des Killfeed-Abzeichens (s)","Durata visualizzazione distintivo del registro uccisioni (s)","Czas wyświetlania odznaki listy zabójstw (s)","Tempo de exibição do distintivo do feed de eliminações (s)","Время показа значка в ленте убийств (с)","Tiempo de visualización de la insignia del registro de bajas (s)","Öldürme akışı rozeti gösterim süresi (sn)","킬피드 배지 표시 시간(초)","キルフィードバッジの表示時間（秒）","击杀信息徽章显示时间（秒）","擊殺資訊徽章顯示時間（秒）"
STR_WL_killfeedCelebration,"Killfeed: Celebration","Přehled zabití: Oslava","Fil d’éliminations : Célébration","Killfeed: Jubel","Registro uccisioni: Celebrazione","Lista zabójstw: Celebracja","Feed de eliminações: Celebração","Лента убийств: Празднование","Registro de bajas: Celebración","Öldürme akışı: Kutlama","킬피드: 축하","キルフィード：祝福","击杀信息：庆祝","擊殺資訊：慶祝"
STR_WL_killfeedNotification,"Killfeed: Notification","Přehled zabití: Upozornění","Fil d’éliminations : Notification","Killfeed: Benachrichtigung","Registro uccisioni: Notifica","Lista zabójstw: Powiadomienie","Feed de eliminações: Notificação","Лента убийств: Уведомление","Registro de bajas: Notificación","Öldürme akışı: Bildirim","킬피드: 알림","キルフィード：通知","击杀信息：通知","擊殺資訊：通知"
STR_WL_killfeedPositionLeft,"Killfeed position (left %)","Pozice přehledu zabití (zleva %)","Position du fil d’éliminations (gauche %)","Position des Killfeeds (links %)","Posizione registro uccisioni (sinistra %)","Pozycja listy zabójstw (od lewej %)","Posição do feed de eliminações (esquerda %)","Положение ленты убийств (слева %)","Posición del registro de bajas (izquierda %)","Öldürme akışı konumu (sol %)","킬피드 위치(왼쪽 %)","キルフィード位置（左 %）","击杀信息位置（左 %）","擊殺資訊位置（左 %）"
STR_WL_killfeedPositionTop,"Killfeed position (top %)","Pozice přehledu zabití (shora %)","Position du fil d’éliminations (haut %)","Position des Killfeeds (oben %)","Posizione registro uccisioni (alto %)","Pozycja listy zabójstw (od góry %)","Posição do feed de eliminações (superior %)","Положение ленты убийств (сверху %)","Posición del registro de bajas (arriba %)","Öldürme akışı konumu (üst %)","킬피드 위치(위쪽 %)","キルフィード位置（上 %）","击杀信息位置（上 %）","擊殺資訊位置（上 %）"
STR_WL_killfeedTimeout,"Killfeed timeout (s)","Časový limit přehledu zabití (s)","Délai du fil d’éliminations (s)","Anzeigedauer des Killfeeds (s)","Durata del registro uccisioni (s)","Czas wyświetlania listy zabójstw (s)","Tempo limite do feed de eliminações (s)","Время показа ленты убийств (с)","Tiempo del registro de bajas (s)","Öldürme akışı süresi (sn)","킬피드 표시 시간(초)","キルフィードの表示時間（秒）","击杀信息显示时间（秒）","擊殺資訊顯示時間（秒）"
STR_WL_killfeedTotalTimeout,"Killfeed total timeout (s)","Celkový časový limit přehledu zabití (s)","Délai total du fil d’éliminations (s)","Gesamte Anzeigedauer des Killfeeds (s)","Durata totale del registro uccisioni (s)","Łączny czas wyświetlania listy zabójstw (s)","Tempo limite total do feed de eliminações (s)","Общее время показа ленты убийств (с)","Tiempo total del registro de bajas (s)","Öldürme akışı toplam süresi (sn)","킬피드 총 표시 시간(초)","キルフィードの合計表示時間（秒）","击杀信息总显示时间（秒）","擊殺資訊總顯示時間（秒）"
STR_WL_levelUpMusic,"Level up music","Hudba při zvýšení úrovně","Musique de montée de niveau","Musik beim Stufenaufstieg","Musica aumento di livello","Muzyka awansu poziomu","Música de subida de nível","Музыка повышения уровня","Música al subir de nivel","Seviye atlama müziği","레벨 업 음악","レベルアップ音楽","升级音乐","升級音樂"
STR_WL_lightVehicleInfo,"Compact and maneuverable ground vehicles designed for utility and mobility.","Kompaktní a ovladatelná pozemní vozidla navržená pro užitečnost a mobilitu.","Véhicules terrestres compacts et maniables conçus pour l'utilité et la mobilité.","Kompakte und wendige Bodenfahrzeuge, die für Nutzen und Mobilität ausgelegt sind.","Veicoli terrestri compatti e manovrabili progettati per utilità e mobilità.","Kompaktowe i zwrotne pojazdy naziemne zaprojektowane pod kątem użyteczności i mobilności.","Veículos terrestres compactos e manobráveis projetados para utilidade e mobilidade.","Компактные и маневренные наземные машины, предназначенные для полезности и мобильности.","Vehículos terrestres compactos y maniobrables diseñados para utilidad y movilidad.","Kullanışlılık ve hareketlilik için tasarlanmış kompakt ve manevra kabiliyeti yüksek kara araçları.","실용성과 기동성을 위해 설계된 컴팩트하고 기동성 있는 지상 차량.","実用性と機動性を備えたコンパクトで機動性の高い地上車両。","为实用性和机动性设计的紧凑且灵活的地面车辆。","為實用性和機動性設計的緊湊且靈活的地面車輛。"
STR_WL_lightVehicles,"Light Vehicles","Lehká vozidla","Véhicules légers","Leichte Fahrzeuge","Veicoli leggeri","Pojazdy lekkie","Veículos leves","Легкие машины","Vehículos ligeros","Hafif Araçlar","경량 차량","軽車両","轻型车辆","輕型車輛"
STR_WL_loadout,"Loadout","Výzbroj","Charge utile","Ladung","Carico","Ładunek","Configuração","Снаряжение","Configuración","Yükleme","장비","ロードアウト","配置","配置"
STR_WL_loadoutName,"Loadout %1","Vybavení %1","Armement %1","Ladung %1","Configurazione %1","Wyposażenie %1","Carregamento %1","Нагрузка %1","Configuración %1","Yükleme %1","장비 %1","装備 %1","配置%1","配置%1"
STR_WL_mapAlwaysShowDetailedText,"Map always show detailed text","Na mapě vždy zobrazovat podrobný text","Toujours afficher le texte détaillé sur la carte","Detaillierten Text auf der Karte immer anzeigen","Mostra sempre il testo dettagliato sulla mappa","Zawsze pokazuj szczegółowy tekst na mapie","Sempre mostrar texto detalhado no mapa","Всегда показывать подробный текст на карте","Mostrar siempre texto detallado en el mapa","Haritada ayrıntılı metni her zaman göster","지도에 상세 텍스트 항상 표시","マップに詳細テキストを常に表示","地图始终显示详细文字","地圖始終顯示詳細文字"
STR_WL_mapButtonScale,"Map button scale","Měřítko tlačítek mapy","Échelle des boutons de la carte","Skalierung der Kartenschaltflächen","Scala dei pulsanti della mappa","Skala przycisków mapy","Escala dos botões do mapa","Масштаб кнопок карты","Escala de los botones del mapa","Harita düğmesi ölçeği","지도 버튼 배율","マップボタンのスケール","地图按钮缩放","地圖按鈕縮放"
STR_WL_mapIconRefreshRate,"Map icon refresh rate","Obnovovací frekvence ikon mapy","Fréquence d’actualisation des icônes de carte","Aktualisierungsrate der Kartensymbole","Frequenza di aggiornamento delle icone della mappa","Częstotliwość odświeżania ikon mapy","Taxa de atualização dos ícones do mapa","Частота обновления значков на карте","Frecuencia de actualización de los iconos del mapa","Harita simgesi yenileme hızı","지도 아이콘 새로고침 빈도","マップアイコンの更新頻度","地图图标刷新率","地圖圖示更新率"
STR_WL_mapIconScale,"Map icon scale","Měřítko ikon mapy","Échelle des icônes de carte","Skalierung der Kartensymbole","Scala delle icone della mappa","Skala ikon mapy","Escala dos ícones do mapa","Масштаб значков на карте","Escala de los iconos del mapa","Harita simgesi ölçeği","지도 아이콘 배율","マップアイコンのスケール","地图图标缩放","地圖圖示縮放"
STR_WL_mapIconTextScale,"Map icon text scale","Měřítko textu ikon mapy","Échelle du texte des icônes de carte","Textskalierung der Kartensymbole","Scala del testo delle icone della mappa","Skala tekstu ikon mapy","Escala do texto dos ícones do mapa","Масштаб текста значков на карте","Escala del texto de los iconos del mapa","Harita simgesi metin ölçeği","지도 아이콘 텍스트 배율","マップアイコン文字のスケール","地图图标文字缩放","地圖圖示文字縮放"
STR_WL_mapInfoText1,"Warlords Redux was edited by the WarSimVets community.","Warlords Redux upravila komunita WarSimVets.","Warlords Redux a été édité par la communauté WarSimVets.","Warlords Redux wurde von der WarSimVets-Community bearbeitet.","Warlords Redux è stato modificato dalla comunità WarSimVets.","Warlords Redux został edytowany przez społeczność WarSimVets.","Warlords Redux foi editado pela comunidade WarSimVets.","Режим ""Warlords Redux"" разработан командой WarSimVets.","Warlords Redux fue editado por la comunidad WarSimVets.","Warlords Redux, WarSimVets topluluğu tarafından düzenlendi.","Warlords Redux는 WarSimVets 커뮤니티에 의해 편집되었습니다.","Warlords ReduxはWarSimVetsコミュニティによって編集されました。","Warlords Redux 由 WarSimVets 社区编辑。","Warlords Redux 由 WarSimVets 社区编辑。"
STR_WL_mapInfoText10,"Use your AI as your vehicle gunner. AI gunners are highly lethal and avoid teamkilling.","Použijte svou AI jako střelce ve vozidle. Střelci ovládaní AI jsou velmi účinní a vyhýbají se palbě do vlastních řad.","Utilisez votre IA comme tireur de véhicule. Les tireurs contrôlés par l’IA sont extrêmement efficaces et évitent les tirs fratricides.","Setze deine KI als Fahrzeugschützen ein. KI-Schützen sind äußerst tödlich und vermeiden Beschuss auf Verbündete.","Usa l'IA come mitragliere del veicolo. I mitraglieri controllati dall'IA sono estremamente letali ed evitano il fuoco amico.","Używaj swojej SI jako strzelca pokładowego. Strzelcy sterowani przez SI są niezwykle skuteczni i unikają ostrzału sojuszników.","Use sua IA como artilheiro do veículo. Artilheiros controlados pela IA são extremamente letais e evitam fogo amigo.","Используйте ИИ в качестве стрелка в вашей технике. Стрелки под управлением ИИ крайне смертоносны и избегают огня по союзникам.","Usa tu IA como artillero del vehículo. Los artilleros controlados por la IA son extremadamente letales y evitan el fuego amigo.","Yapay zekânızı araç nişancısı olarak kullanın. Yapay zekâ nişancıları son derece etkilidir ve dost ateşinden kaçınır.","AI를 차량 사수로 활용하세요. AI 사수는 매우 치명적이며 아군 오사를 피합니다.","AIを車両の銃手として活用してください。AI銃手は非常に高い攻撃能力を持ち、味方への誤射を避けます。","让 AI 担任你的载具炮手。AI 炮手杀伤力极强，并且会避免误伤友军。","讓 AI 擔任你的載具砲手。AI 砲手殺傷力極強，並且會避免誤傷友軍。"
STR_WL_mapInfoText11,"Beware of friendly fire. When in doubt, check the map or press %1 on your target to ensure they are not a teammate.","Dejte si pozor na palbu přátel. Pokud máte pochybnosti, zkontrolujte mapu nebo stiskněte %1 u cíle, abyste se ujistili, že to není váš spoluhráč.","Méfiez-vous du tir ami. En cas de doute, vérifiez la carte ou appuyez sur %1 sur votre cible pour vous assurer qu'il ne s'agit pas d'un coéquipier.","Achte auf Friendly Fire. Im Zweifel überprüfe die Karte oder drücke %1 an deinem Ziel, um sicherzustellen, dass es sich nicht um einen Teamkameraden handelt.","Attento al fuoco amico. In caso di dubbio, controlla la mappa o premi %1 sul tuo bersaglio per assicurarti che non sia un compagno di squadra.","Uważaj na strzelanie do sojuszników. W razie wątpliwości sprawdź mapę lub naciśnij %1 przy celu, aby upewnić się, że to nie twój kolega z drużyny.","Cuidado com o fogo amigo. Em caso de dúvida, verifique o mapa ou pressione %1 em seu alvo para garantir que não é um companheiro de equipe.","Чтобы избежать огня по своим, проверь карту или нажми %1, глядя на цель, чтобы убедиться, что это не союзник по команде.","Cuidado con el fuego amigo. Si tienes dudas, revisa el mapa o presiona %1 en tu objetivo para asegurarte de que no es un compañero.","Dost ateşine dikkat edin. Şüphedeyseniz, haritayı kontrol edin veya hedefinize %1 tuşuna basarak takım arkadaşınız olmadığından emin olun.","아군 사격에 주의하세요. 의심스러우면 지도를 확인하거나 대상에게 %1을 눌러 팀원이 아닌지 확인하세요.","味方への攻撃に注意してください。疑わしい場合は、マップを確認するか、対象に %1 を押して、味方でないことを確認してください。","注意友军伤害。如有疑问，请查看地图或按 %1 确认目标不是队友。","注意友軍傷害。如有疑問，請查看地圖或按 %1 確認目標不是隊友。"
STR_WL_mapInfoText12,"To buy vehicles, press and hold %1.","Chcete-li koupit vozidla, podržte %1.","Pour acheter des véhicules, appuyez longuement sur %1.","Um Fahrzeuge zu kaufen, halte %1 gedrückt.","Per acquistare veicoli, tieni premuto %1.","Aby kupić pojazdy, przytrzymaj %1.","Para comprar veículos, pressione e segure %1.","Чтобы купить транспорт, нажмите и удерживайте %1.","Para comprar vehículos, mantén presionado %1.","Araç satın almak için %1 tuşuna basılı tutun.","차량을 구매하려면 %1을(를) 길게 누르세요.","車両を購入するには、%1を長押ししてください。","要购买载具，请按住 %1。","要購買載具，請按住 %1。"
STR_WL_mapInfoText2,"Join our Discord for access to admins, news, and scheduled events.","Připojte se k našemu Discordu pro přístup k adminům, novinkám a plánovaným akcím.","Rejoignez notre Discord pour accéder aux administrateurs, aux actualités et aux événements programmés.","Tritt unserem Discord bei, um Zugang zu Admins, Nachrichten und geplanten Events zu erhalten.","Unisciti al nostro Discord per accedere agli amministratori, alle notizie e agli eventi programmati.","Dołącz do naszego Discorda, aby uzyskać dostęp do administratorów, wiadomości i zaplanowanych wydarzeń.","Junte-se ao nosso Discord para ter acesso a administradores, notícias e eventos programados.","Вступай в наш Discord-канал, чтобы узнать новости, расписание мероприятий или стать администратором.","Únete a nuestro Discord para acceder a los administradores, noticias y eventos programados.","Yöneticilere, haberlere ve planlanmış etkinliklere erişim için Discord'umuza katılın.","관리자, 소식 및 예정된 이벤트에 접근하려면 Discord에 참여하세요.","管理者、ニュース、予定されたイベントにアクセスするためにDiscordに参加してください。","加入我们的 Discord，获取管理员、新闻和预定活动的访问权限。","加入我们的 Discord，获取管理员、新闻和预定活动的访问权限。"
STR_WL_mapInfoText3,"HOW TO PLAY","JAK HRÁT","COMMENT JOUER","SO SPIELT MAN","COME GIOCARE","JAK GRAĆ","COMO JOGAR","КАК ИГРАТЬ","CÓMO JUGAR","NASIL OYNANIR","게임 방법","遊び方","如何游玩","如何遊玩"
STR_WL_mapInfoText4,"To teleport, click on a friendly or contested sector, and select ""Fast Travel"".","Chcete-li se teleportovat, klikněte na spřátelený nebo sporný sektor a vyberte „Rychlý přesun“.","Pour vous téléporter, cliquez sur un secteur allié ou contesté, puis sélectionnez « Voyage rapide ».","Um sich zu teleportieren, klicken Sie auf einen verbündeten oder umkämpften Sektor und wählen Sie „Schnellreise“ aus.","Per teletrasportarti, fai clic su un settore alleato o conteso e seleziona «Viaggio veloce».","Aby się teleportować, kliknij przyjazny lub sporny sektor i wybierz „Szybka podróż”.","Para se teletransportar, clique em um setor aliado ou disputado e selecione ""Viagem Rápida"".","Чтобы телепортироваться, нажмите на дружественный или оспариваемый сектор и выберите «Быстрое перемещение».","Para teletransportarte, haz clic en un sector aliado o disputado y selecciona «Viaje rápido».","Işınlanmak için dost veya çekişmeli bir sektöre tıklayın ve “Hızlı Seyahat”i seçin.","텔레포트하려면 우호 또는 분쟁 중인 구역을 클릭하고 '빠른 이동'을 선택하세요.","テレポートするには、味方または争奪中のセクターをクリックし、「高速移動」を選択してください。","要传送，请点击友方或争夺中的区域，然后选择“快速旅行”。","要傳送，請點擊友方或爭奪中的區域，然後選擇「快速旅行」。"
STR_WL_mapInfoText5,"To customize your loadout, open your inventory and select ""Arsenal"".","Chcete-li upravit svou výbavu, otevřete inventář a vyberte „Arzenál“.","Pour personnaliser votre équipement, ouvrez votre inventaire et sélectionnez « Arsenal ».","Um deine Ausrüstung anzupassen, öffne dein Inventar und wähle „Arsenal“ aus.","Per personalizzare il tuo equipaggiamento, apri l'inventario e seleziona «Arsenale».","Aby dostosować swój zestaw, otwórz ekwipunek i wybierz „Arsenał”.","Para personalizar seu equipamento, abra o inventário e selecione ""Arsenal"".","Чтобы изменить снаряжение, откройте инвентарь и выберите «Арсенал».","Para personalizar tu equipo, abre el inventario y selecciona «Arsenal».","Teçhizatınızı özelleştirmek için envanterinizi açın ve “Cephanelik”i seçin.","장비 구성을 변경하려면 인벤토리를 열고 '무기고'를 선택하세요.","ロードアウトをカスタマイズするには、インベントリを開き、「アーセナル」を選択してください。","要自定义装备配置，请打开物品栏并选择“军械库”。","要自訂裝備配置，請開啟物品欄並選擇「軍械庫」。"
STR_WL_mapInfoText6,"To ping the enemy, look at your target and press %1.","Pro označení na mapě se podívejte na cíl a stiskněte %1.","Pour marquer sur la carte, regardez votre cible et appuyez sur %1.","Um die Karte zu markieren, schaue auf dein Ziel und drücke %1.","Per segnare sulla mappa, guarda il tuo obiettivo e premi %1.","Aby zaznaczyć cel na mapie, spójrz na niego i naciśnij %1.","Para marcar no mapa, olhe para o seu alvo e pressione %1.","Чтобы указать вашей команде на врага, посмотри на цель и нажми %1.","Para marcar en el mapa, mira a tu objetivo y presiona %1.","Haritada işaretleme yapmak için, hedefine bak ve %1'e bas.","지도에 핑을 표시하려면, 목표물을 바라보고 %1을(를) 누르세요.","マップにピンを立てるには、ターゲットを見て %1 を押してください。","要在地图上标记，注视目标并按 %1。","要在地圖上標記，注視目標並按 %1。"
STR_WL_mapInfoText7,"To communicate, press %1 for push-to-talk and %2 for text chat.","Pro komunikaci stiskněte %1 pro funkci push-to-talk a %2 pro textový chat.","Pour communiquer, appuyez sur %1 pour le push-to-talk et sur %2 pour le chat textuel.","Um zu kommunizieren, drücke %1 für Push-to-Talk und %2 für den Textchat.","Per comunicare, premi %1 per il push-to-talk e %2 per la chat testuale.","Aby komunikować się, naciśnij %1 dla funkcji push-to-talk oraz %2 dla czatu tekstowego.","Para comunicar, pressione %1 para push-to-talk e %2 para chat de texto.","Чтобы использовать микрофон, зажми %1; чтобы использовать чат, нажми %2.","Para comunicarte, presiona %1 para push-to-talk y %2 para el chat de texto.","İletişim kurmak için, push-to-talk için %1 ve metin sohbeti için %2 tuşuna basın.","소통하려면, 푸시 투 토크는 %1, 텍스트 채팅은 %2를 누르세요.","コミュニケーションするには、プッシュ・トゥ・トークは %1、テキストチャットは %2 を押してください。","要交流，按 %1 进行对讲，按 %2 进行文字聊天。","要交流，按 %1 进行对讲，按 %2 进行文字聊天。"
STR_WL_mapInfoText8,"RECOMMENDATIONS FOR BEGINNERS","DOPORUČENÍ PRO ZAČÁTEČNÍKY","RECOMMANDATIONS POUR DÉBUTANTS","EMPFEHLUNGEN FÜR ANFÄNGER","RACCOMANDAZIONI PER PRINCIPIANTI","REKOMENDACJE DLA POCZĄTKUJĄCYCH","RECOMENDAÇÕES PARA INICIANTES","РЕКОМЕНДАЦИИ ДЛЯ НОВИЧКОВ","RECOMENDACIONES PARA PRINCIPIANTES","YENİ BAŞLAYANLAR İÇİN ÖNERİLER","초보자를 위한 추천","初心者向けの推奨事項","初学者推荐","初學者推薦"
STR_WL_mapInfoText9,"Always check the map. Enemies spotted by friendly sensors are visible on the map.","Vždy kontrolujte mapu. Nepřátelé odhalení spojeneckými senzory jsou na mapě viditelní.","Consultez régulièrement la carte. Les ennemis repérés par les capteurs alliés y sont visibles.","Überprüfe regelmäßig die Karte. Gegner, die von verbündeten Sensoren erfasst wurden, sind auf der Karte sichtbar.","Controlla sempre la mappa. I nemici rilevati dai sensori alleati sono visibili sulla mappa.","Zawsze sprawdzaj mapę. Wrogowie wykryci przez sojusznicze czujniki są na niej widoczni.","Verifique sempre o mapa. Os inimigos detectados por sensores aliados ficam visíveis no mapa.","Всегда проверяйте карту. Враги, обнаруженные союзными датчиками, отображаются на карте.","Consulta siempre el mapa. Los enemigos detectados por sensores aliados aparecen en él.","Haritayı daima kontrol edin. Dost sensörler tarafından tespit edilen düşmanlar haritada görünür.","항상 지도를 확인하세요. 아군 센서가 탐지한 적은 지도에 표시됩니다.","常にマップを確認してください。味方のセンサーが探知した敵はマップに表示されます。","请随时查看地图。友方传感器侦测到的敌人会显示在地图上。","請隨時查看地圖。友方感測器偵測到的敵人會顯示在地圖上。"
STR_WL_mapMarkerScaleThreshold,"Map marker scale threshold","Prahová hodnota měřítka značek mapy","Seuil d’échelle des marqueurs de carte","Skalierungsschwelle der Kartenmarkierungen","Soglia di scala degli indicatori della mappa","Próg skali znaczników mapy","Limite de escala dos marcadores do mapa","Порог масштаба маркеров карты","Umbral de escala de los marcadores del mapa","Harita işareti ölçek eşiği","지도 마커 배율 임계값","マップマーカーのスケールしきい値","地图标记缩放阈值","地圖標記縮放閾值"
STR_WL_mapMode,"Map mode","Režim mapy","Mode de carte","Kartenmodus","Modalità mappa","Tryb mapy","Modo do mapa","Режим карты","Modo de mapa","Harita modu","지도 모드","マップモード","地图模式","地圖模式"
STR_WL_mapSectorLineGrayscale,"Map sector line color (grayscale)","Barva čar sektorů mapy (stupně šedi)","Couleur des lignes de secteur de la carte (niveaux de gris)","Farbe der Kartensektorlinien (Graustufen)","Colore linee settori mappa (scala di grigi)","Kolor linii sektorów mapy (skala szarości)","Cor das linhas de setor do mapa (escala de cinza)","Цвет линий секторов карты (оттенки серого)","Color de las líneas de sector del mapa (escala de grises)","Harita sektör çizgisi rengi (gri tonlama)","지도 구역선 색상(회색조)","マップセクター線の色（グレースケール）","地图区域线颜色（灰度）","地圖區域線顏色（灰階）"
STR_WL_mapSectorLineRevealTime,"Map sector line reveal time","Doba odhalení čar sektorů mapy","Durée d’apparition des lignes de secteur de la carte","Einblendzeit der Kartensektorlinien","Tempo di comparsa delle linee dei settori della mappa","Czas ujawniania linii sektorów mapy","Tempo de revelação das linhas de setor do mapa","Время появления линий секторов карты","Tiempo de aparición de las líneas de sector del mapa","Harita sektör çizgisi belirme süresi","지도 구역선 표시 시간","マップセクター線の表示時間","地图区域线显示时间","地圖區域線顯示時間"
STR_WL_mapSectorModifierSize,"Map sector modifier size","Velikost modifikátoru sektoru mapy","Taille du modificateur de secteur de la carte","Größe des Kartensektor-Modifikators","Dimensione modificatore settore mappa","Rozmiar modyfikatora sektora mapy","Tamanho do modificador de setor do mapa","Размер модификатора сектора карты","Tamaño del modificador de sector del mapa","Harita sektör değiştiricisi boyutu","지도 구역 수정자 크기","マップセクター修飾子のサイズ","地图区域修正项大小","地圖區域修正項大小"
STR_WL_markSector,"Mark sector","Označit sektor","Marquer le secteur","Sektor markieren","Segna il settore","Oznacz sektor","Marcar setor","Отметить сектор","Marcar sector","Sektörü işaretle","구역 표시","セクターをマーク","标记区域","標記區域"
STR_WL_maxRange,"Max Range","Maximální dosah","Portée maximale","Maximale Reichweite","Portata massima","Maksymalny zasięg","Alcance máximo","Максимальная дальность","Alcance máximo","Azami menzil","최대 범위","最大有効距離","最大作用范围","最大作用範圍"
STR_WL_mineWarningTime,"Mine warning time","Čas varování před minou","Durée de l’alerte de mine","Dauer der Minenwarnung","Durata avviso mine","Czas ostrzeżenia o minach","Duração do alerta de minas","Время предупреждения о минах","Duración de la alerta de minas","Mayın uyarı süresi","지뢰 경고 시간","地雷警告時間","地雷警告时间","地雷警告時間"
STR_WL_mineWarningVolume,"Mine warning volume","Hlasitost varování před minami","Volume de l’alerte de mine","Lautstärke der Minenwarnung","Volume avviso mine","Głośność ostrzeżenia o minach","Volume do alerta de minas","Громкость предупреждения о минах","Volumen de alerta de minas","Mayın uyarısı ses seviyesi","지뢰 경고 음량","地雷警告の音量","地雷警告音量","地雷警告音量"
STR_WL_missileCameraPositionLeft,"Missile camera position (left %)","Pozice kamery střely (zleva %)","Position de la caméra du missile (gauche %)","Position der Raketenkamera (links %)","Posizione telecamera missile (sinistra %)","Pozycja kamery pocisku (od lewej %)","Posição da câmera do míssil (esquerda %)","Положение камеры ракеты (слева %)","Posición de la cámara del misil (izquierda %)","Füze kamerası konumu (sol %)","미사일 카메라 위치(왼쪽 %)","ミサイルカメラ位置（左 %）","导弹摄像机位置（左 %）","飛彈攝影機位置（左 %）"
STR_WL_missileCameraPositionTop,"Missile camera position (top %)","Pozice kamery střely (shora %)","Position de la caméra du missile (haut %)","Position der Raketenkamera (oben %)","Posizione telecamera missile (alto %)","Pozycja kamery pocisku (od góry %)","Posição da câmera do míssil (superior %)","Положение камеры ракеты (сверху %)","Posición de la cámara del misil (arriba %)","Füze kamerası konumu (üst %)","미사일 카메라 위치(위쪽 %)","ミサイルカメラ位置（上 %）","导弹摄像机位置（上 %）","飛彈攝影機位置（上 %）"
STR_WL_missionName,"Warlords Redux","Váleční páni Redux","Seigneurs de guerre Redux","Kriegsherren Redux","Signori della guerra Redux","Władcy wojny Redux","Senhores da Guerra Redux","Военачальники: Редукс","Señores de la guerra Redux","Savaş Lordları Redux","워로드 리덕스","ウォーロード リダックス","战争领主：里德克斯","戰爭領主：里德克斯"
STR_WL_missionDescription,"Warlords Redux is an actively developed and maintained mission based on Warlords.","Váleční páni Redux je aktivně vyvíjená a udržovaná mise založená na režimu Váleční páni.","Seigneurs de guerre Redux est une mission activement développée et maintenue, basée sur le mode Seigneurs de guerre.","Kriegsherren Redux ist eine aktiv entwickelte und gepflegte Mission, die auf dem Modus Kriegsherren basiert.","Signori della guerra Redux è una missione sviluppata e mantenuta attivamente, basata sulla modalità Signori della guerra.","Władcy wojny Redux to aktywnie rozwijana i utrzymywana misja oparta na trybie Władcy wojny.","Senhores da Guerra Redux é uma missão ativamente desenvolvida e mantida, baseada no modo Senhores da Guerra.","Военачальники: Редукс — активно разрабатываемая и поддерживаемая миссия на основе режима «Военачальники».","Señores de la guerra Redux es una misión desarrollada y mantenida activamente, basada en el modo Señores de la guerra.","Savaş Lordları Redux, Savaş Lordları modunu temel alan ve aktif olarak geliştirilen ve sürdürülen bir görevdir.","워로드 리덕스는 워로드를 기반으로 활발히 개발 및 유지 관리되는 임무입니다.","ウォーロード リダックスは、ウォーロードをベースに現在も開発・保守されているミッションです。","战争领主：里德克斯是一项基于《战争领主》并持续积极开发和维护的任务。","戰爭領主：里德克斯是一項以《戰爭領主》為基礎並持續積極開發和維護的任務。"
STR_WL_myAssets,"My Assets","Moje bojové prostředky","Mes ressources de combat","Meine Einsatzmittel","Le mie risorse da combattimento","Moje zasoby bojowe","Meus recursos de combate","Мои боевые средства","Mis recursos de combate","Muharebe unsurlarım","내 전투 자산","自分の戦力","我的作战资产","我的作戰資產"
STR_WL_nearbyCommNotification,"Nearby comm notification","Upozornění blízké komunikace","Notification de communication à proximité","Benachrichtigung für Kommunikation in der Nähe","Notifica comunicazioni vicine","Powiadomienie o komunikacji w pobliżu","Notificação de comunicação próxima","Уведомление о связи поблизости","Notificación de comunicación cercana","Yakın iletişim bildirimi","근거리 통신 알림","周辺通信通知","附近通讯通知","附近通訊通知"
STR_WL_next,"Next","Další","Suivant","Weiter","Successivo","Następny","Próximo","Следующий","Siguiente","Sonraki","다음","次へ","下一项","下一項"
STR_WL_noAlliedPlayers,"No allied players available.","Žádní spojenci nejsou k dispozici.","Aucun joueur allié disponible.","Keine verbündeten Spieler verfügbar.","Nessun giocatore alleato disponibile.","Brak dostępnych graczy sojuszniczych.","Não há jogadores aliados disponíveis.","Нет доступных союзных игроков.","No hay jugadores aliados disponibles.","Müttefik oyuncu yok.","얼라이언스 플레이어가 없습니다.","同盟プレイヤーがいません。","没有可用的盟军玩家。","没有可用的盟军玩家。"
STR_WL_noFlyHomeInfo,"Establish a temporary no-fly zone to assist your team's air defense over your home base.","Zřiďte dočasnou bezletovou zónu, abyste podpořili protivzdušnou obranu svého týmu nad domovskou základnou.","Établissez une zone d’exclusion aérienne temporaire pour soutenir la défense antiaérienne de votre équipe au-dessus de votre base.","Richte eine temporäre Flugverbotszone ein, um die Luftverteidigung deines Teams über eurer Heimatbasis zu unterstützen.","Istituisci una zona di interdizione al volo temporanea per supportare la difesa aerea della tua squadra sopra la base principale.","Ustanów tymczasową strefę zakazu lotów, aby wesprzeć obronę przeciwlotniczą swojej drużyny nad bazą macierzystą.","Estabeleça uma zona de exclusão aérea temporária para apoiar a defesa antiaérea da sua equipe sobre a base principal.","Установите временную бесполётную зону, чтобы поддержать ПВО своей команды над домашней базой.","Establece una zona de exclusión aérea temporal para apoyar la defensa antiaérea de tu equipo sobre la base principal.","Ana üssünüz üzerindeki takım hava savunmasına destek olmak için geçici bir uçuşa yasak bölge oluşturun.","아군 본진 상공의 팀 방공을 지원하기 위해 임시 비행 금지 구역을 설정하세요.","本拠地上空に一時的な飛行禁止区域を設定し、チームの防空を支援してください。","在己方基地上空设立临时禁飞区，以协助团队防空。","在己方基地上空設立臨時禁飛區，以協助團隊防空。"
STR_WL_none,"None","Žádné","Aucun","Keine","Nessuno","Brak","Nenhum","Нет","Ninguno","Yok","없음","なし","无","無"
STR_WL_noUnitsSelected,"No units selected.","Nejsou vybrány žádné jednotky.","Aucune unité sélectionnée.","Keine Einheiten ausgewählt.","Nessuna unità selezionata.","Nie wybrano jednostek.","Nenhuma unidade selecionada.","Единицы не выбраны.","No hay unidades seleccionadas.","Seçili birim yok.","선택한 단위가 없습니다.","ユニットが選択されていません。","未选择单位。","未選擇單位。"
STR_WL_noVoiceSpeaker,"No voice speaker","Vypnout hlasové hlášky","Désactiver les annonces vocales","Sprachausgabe deaktivieren","Disattiva gli annunci vocali","Wyłącz komunikaty głosowe","Desativar anúncios de voz","Отключить голосовые сообщения","Desactivar avisos de voz","Sesli anonsları devre dışı bırak","음성 안내 비활성화","音声アナウンスを無効化","禁用语音播报","停用語音播報"
STR_WL_objectDistance,"Object distance","Vzdálenost objektů","Distance des objets","Objektsichtweite","Distanza oggetti","Zasięg widoczności obiektów","Distância dos objetos","Дальность прорисовки объектов","Distancia de los objetos","Nesne görüş mesafesi","오브젝트 가시 거리","オブジェクト描画距離","物体视距","物件視距"
STR_WL_official,"Official","Oficiální","Officiel","Offiziell","Ufficiale","Oficjalny","Oficial","Официальный","Oficial","Resmi","공식적인","公式","官方","官方"
STR_WL_oldPylonWarning,"Your pylons will be reloaded with their old settings.","Vaše pylony budou znovu načteny s jejich starými nastaveními.","Vos pylônes seront rechargés avec leurs anciens réglages.","Ihre Pylonen werden mit ihren alten Einstellungen neu geladen.","I tuoi piloni verranno ricaricati con le loro vecchie impostazioni.","Twoje pylony zostaną przeładowane ze starymi ustawieniami.","Seus pylons serão recarregados com suas configurações antigas.","Ваши пилоны будут перезагружены со старыми настройками.","Sus pilones se recargarán con sus configuraciones anteriores.","Pilonlarınız eski ayarlarıyla yeniden yüklenecek.","파일론이 이전 설정으로 다시 로드됩니다.","パイロンは以前の設定で再読み込みされます。","您的挂架将按其旧设置重新加载。","您的掛架將按其舊設置重新加載。"
STR_WL_openParachute,"Open Parachute","Otevřít padák","Ouvrir le parachute","Fallschirm öffnen","Apri il paracadute","Otwórz spadochron","Abrir paraquedas","Раскрыть парашют","Abrir paracaídas","Paraşütü aç","낙하산 펼치기","パラシュートを開く","打开降落伞","打開降落傘"
STR_WL_parachuteAutoDeployHeight,"Parachute auto deploy height","Výška automatického otevření padáku","Altitude de déploiement automatique du parachute","Höhe für automatische Fallschirmöffnung","Altezza apertura automatica del paracadute","Wysokość automatycznego otwarcia spadochronu","Altura de abertura automática do paraquedas","Высота автоматического раскрытия парашюта","Altura de apertura automática del paracaídas","Paraşütün otomatik açılma irtifası","낙하산 자동 전개 고도","パラシュート自動展開高度","降落伞自动展开高度","降落傘自動展開高度"
STR_WL_perf,"PERF","VÝKON","PERF.","LEISTUNG","PRESTAZIONI","WYDAJNOŚĆ","DESEMPENHO","ПРОИЗВОДИТЕЛЬНОСТЬ","RENDIMIENTO","PERFORMANS","성능","パフォーマンス","性能","效能"
STR_WL_performance,"Performance","Výkon","Performances","Leistung","Prestazioni","Wydajność","Desempenho","Производительность","Rendimiento","Performans","성능","パフォーマンス","性能","效能"
STR_WL_poll,"POLL","HLASOVÁNÍ","SONDAGE","ABSTIMMUNG","SONDAGGIO","GŁOSOWANIE","VOTAÇÃO","ГОЛОСОВАНИЕ","VOTACIÓN","OYLAMA","투표","投票","投票","投票"
STR_WL_previous,"Previous","Předchozí","Précédent","Zurück","Precedente","Poprzedni","Anterior","Предыдущий","Anterior","Önceki","이전","前へ","上一项","上一項"
STR_WL_pylonApplyTitle,"PYLON APPLY WARNING","UPOZORNĚNÍ NA POUŽITÍ PILONŮ","AVERTISSEMENT D'APPLICATION DE PILON","PYLON ANWENDUNG WARNUNG","AVVISO DI APPLICAZIONE DEL PILONE","OSTRZEŻENIE O ZASTOSOWANIU PYLONU","AVISO DE APLICAÇÃO DE PILONAS","ПРЕДУПРЕЖДЕНИЕ О ПРИМЕНЕНИИ ПИЛОНОВ","ADVERTENCIA DE APLICACIÓN DE PILÓN","PİLON UYGULAMA UYARISI","파일런 적용 경고","パイロン適用警告","挂架应用警告","掛架應用警告"
STR_WL_pylonMismatchInfo,"It looks like your pylon settings don't match your current pylons. You need to press 'Apply Pylons' before you hit 'Rearm' for your pylon configuration to be used. Are you sure you want to continue?","Vypadá to, že nastavení vašich pylonů neodpovídá aktuálním pylony. Před stisknutím tlačítka 'Přezbrojit' musíte stisknout 'Použít pylony', aby se použilo nastavení pylonů. Opravdu chcete pokračovat?","Il semble que vos paramètres de pylônes ne correspondent pas à vos pylônes actuels. Vous devez appuyer sur 'Appliquer les pylônes' avant d'appuyer sur 'Réarmer' pour que votre configuration de pylônes soit utilisée. Voulez-vous vraiment continuer ?","Es sieht so aus, als ob Ihre Pyloneneinstellungen nicht zu Ihren aktuellen Pylonen passen. Sie müssen 'Pylonen anwenden' drücken, bevor Sie 'Nachrüsten' drücken, damit Ihre Pylonenkonfiguration verwendet wird. Sind Sie sicher, dass Sie fortfahren möchten?","Sembra che le impostazioni dei tuoi piloni non corrispondano ai tuoi piloni attuali. È necessario premere 'Applica i piloni' prima di premere 'Riarmare' affinché la configurazione del pilone venga utilizzata. Sei sicuro di voler continuare?","Wygląda na to, że ustawienia pylonów nie pasują do bieżących pylonów. Musisz nacisnąć 'Zastosuj pylony', zanim naciśniesz 'Przezbrojenie', aby użyć konfiguracji pylonów. Czy na pewno chcesz kontynuować?","Parece que as configurações de pylons não correspondem aos pylons atuais. Você precisa pressionar 'Aplicar Pylons' antes de pressionar 'Rearmar' para que sua configuração de pylons seja usada. Tem certeza de que deseja continuar?","Похоже, что настройки ваших пилонов не соответствуют текущим пилонам. Вам нужно нажать 'Применить пилоны' перед нажатием 'Перевооружение', чтобы использовать вашу конфигурацию пилонов. Вы уверены, что хотите продолжить?","Parece que las configuraciones de sus pilones no coinciden con sus pilones actuales. Debe presionar 'Aplicar pilones' antes de presionar 'Rearmar' para que se utilice su configuración de pilones. ¿Seguro que quieres continuar?","Pilon ayarlarınızın mevcut pilonlarınızla eşleşmediği anlaşılıyor. Pilon yapılandırmanızın kullanılabilmesi için 'Yeniden Silahlandır'ı tıklamadan önce 'Pilonları Uygula'ya basmanız gerekir. Devam etmek istediğinizden emin misiniz?","파일론 설정이 현재 파일론과 일치하지 않는 것 같습니다. 파일론 구성을 사용하려면 '재무장'을 누르기 전에 '파일론 적용'을 눌러야 합니다. 계속하시겠습니까?","パイロン設定が現在のパイロンと一致しないようです。パイロン構成を使用するには、「再武装」を押す前に「パイロンを適用」を押す必要があります。本当に続行しますか？","看起来您的挂架设置与当前挂架不匹配。您需要在按“重新武装”之前按“应用挂架”，以便使用挂架配置。您确定要继续吗？","看起來您的掛架設置與當前掛架不匹配。您需要在按“重新武裝”之前按“應用掛架”，以便使用掛架配置。您確定要繼續嗎？"
STR_WL_pylonMismatchWarning,"PYLON MISMATCH WARNING","UPOZORNĚNÍ NA NESOULAD PYLONŮ","AVERTISSEMENT DE DÉCALAGE DE PYLÔNE","PYLONEN-MISMATCH-WARNUNG","AVVERTENZA DI DISALLINEAMENTO DEI PILONI","OSTRZEŻENIE O NIEDOPASOWANIU PYLONÓW","AVISO DE DESALINHAMENTO DE PYLON","ПРЕДУПРЕЖДЕНИЕ О НЕСООТВЕТСТВИИ ПИЛОНОВ","ADVERTENCIA DE DESALINEACIÓN DE PYLON","PİLON EŞLEŞME UYARISI","파일론 불일치 경고","パイロン不一致警告","挂架不匹配警告","掛架不匹配警告"
STR_WL_railgunSecondClickToFire,"Railgun second click to fire","Druhým kliknutím vystřelit z railgunu","Deuxième clic pour tirer avec le canon électromagnétique","Railgun mit zweitem Klick abfeuern","Secondo clic per sparare con il railgun","Drugi klik wystrzeliwuje z railguna","Segundo clique para disparar o canhão eletromagnético","Второй щелчок для выстрела из рельсотрона","Segundo clic para disparar el cañón electromagnético","Railgun’u ateşlemek için ikinci kez tıkla","두 번째 클릭으로 레일건 발사","2回目のクリックでレールガンを発射","第二次点击发射轨道炮","第二次點擊發射軌道炮"
STR_WL_rearm,"Rearm","Přezbroj","Réarmer","Rüsten","Riarma","Zbroj","Rearmar","Реарм","Rearmar","Silahlan","재무장","再武装する","重新武装","重新武裝"
STR_WL_rearmInfo,"Rearm vehicle. Make sure you've selected the correct pylons before rearming.","Přezbrojte vozidlo. Ujistěte se, že jste vybrali správné pylony před přezbrojením.","Réarmez le véhicule. Assurez-vous d'avoir sélectionné les pylônes corrects avant de réarmer.","Rüsten Sie das Fahrzeug nach. Stellen Sie sicher, dass Sie die richtigen Pylonen ausgewählt haben, bevor Sie nachrüsten.","Riarmare il veicolo. Assicurati di aver selezionato i piloni corretti prima di riarmare.","Przezbroj pojazd. Upewnij się, że wybrałeś odpowiednie pylony przed przezbrojeniem.","Rearmar veículo. Certifique-se de selecionar os pylons corretos antes de rearmar.","Перевооружить транспортное средство. Убедитесь, что выбрали правильные пилоны перед перевооружением.","Rearme el vehículo. Asegúrese de haber seleccionado los pilones correctos antes de rearmar.","Aracı yeniden silahlandırın. Yeniden silahlandırmadan önce doğru pilonları seçtiğinizden emin olun.","차량을 재무장하십시오. 재무장하기 전에 올바른 파일론을 선택했는지 확인하십시오.","車両を再武装します。再武装する前に、正しいパイロンが選択されていることを確認してください。","重新武装车辆。重新武装前，请确保选择了正确的挂架。","重新武裝車輛。重新武裝前，請確保選擇了正確的掛架。"
STR_WL_rearmLoadout,"Rearm Loadout","Doplnit výbavu","Réapprovisionner l’équipement","Ausrüstung auffüllen","Rifornisci equipaggiamento","Uzupełnij wyposażenie","Reabastecer equipamento","Пополнить боекомплект","Reabastecer equipamiento","Teçhizatı yenile","장비 재보급","ロードアウトを補給","补充装备","補充裝備"
STR_WL_refuel,"Refuel","Doplnit palivo","Ravitailler","Auftanken","Rifornisci","Zatankuj","Reabastecer","Заправить","Repostar","Yakıt ikmali yap","연료 보급","燃料補給","补充燃料","補充燃料"
STR_WL_refuseButton,"Refuse","Odmítnout","Refuser","Ablehnen","Rifiuta","Odmów","Recusar","Отказать","Rechazar","Reddet","거부","拒否","拒绝","拒絕"
STR_WL_regular,"Regular","Běžný","Normal","Standard","Normale","Standardowy","Normal","Обычный","Normal","Normal","일반","通常","常规","一般"
STR_WL_remoteControl,"Remote Control","Vzdálené ovládání","Télécommande","Fernsteuerung","Telecomando","Zdalne sterowanie","Controle remoto","Дистанционное управление","Control remoto","Uzaktan Kumanda","원격 제어","リモートコントロール","遥控","遙控"
STR_WL_remoteControlInfo,"Vehicles or equipment operated remotely, allowing for safe and precise control from a distance.","Vozidla nebo vybavení ovládané na dálku pro bezpečnou a přesnou manipulaci.","Véhicules ou équipements télécommandés pour un contrôle sûr et précis à distance.","Fahrzeuge oder Geräte, die ferngesteuert werden und sichere sowie präzise Bedienung aus der Ferne ermöglichen.","Veicoli o attrezzature controllati a distanza per un controllo sicuro e preciso da lontano.","Pojazdy lub sprzęt sterowane zdalnie, zapewniające bezpieczną i precyzyjną kontrolę na odległość.","Veículos ou equipamentos operados remotamente, permitindo controle seguro e preciso à distância.","Дистанционно управляемые машины или оборудование для безопасного и точного контроля на расстоянии.","Vehículos o equipos operados de forma remota que permiten un control seguro y preciso a distancia.","Uzaktan güvenli ve hassas kontrol sağlamak için işletilen araçlar veya ekipmanlar.","원격으로 작동하여 안전하고 정밀한 제어를 가능하게 하는 차량 또는 장비.","安全で正確な遠隔操作が可能な車両や装置。","远程操作的车辆或设备，提供安全和精确的控制。","遠程操作的車輛或設備，提供安全和精確的控制。"
STR_WL_remove,"Remove","Odstranit","Retirer","Entfernen","Rimuovi","Usuń","Remover","Удалить","Eliminar","Kaldır","제거","撤去","移除","移除"
STR_WL_repair,"Repair","Opravit","Réparer","Reparieren","Ripara","Napraw","Reparar","Отремонтировать","Reparar","Onar","수리","修理","修理","修理"
STR_WL_report,"REPORT","NAHLÁSIT","SIGNALER","MELDEN","SEGNALA","ZGŁOŚ","DENUNCIAR","СООБЩИТЬ","REPORTAR","BİLDİR","신고","報告","举报","檢舉"
STR_WL_reset,"Reset","Reset","Réinitialiser","Zurücksetzen","Reset","Reset","Redefinir","Сброс","Reiniciar","Sıfırla","재설정","リセット","重置","重置"
STR_WL_resetAll,"RESET ALL","RESETOVAT VŠE","TOUT RÉINITIALISER","ALLES ZURÜCKSETZEN","REIMPOSTA TUTTO","ZRESETUJ WSZYSTKO","REDEFINIR TUDO","СБРОСИТЬ ВСЁ","RESTABLECER TODO","TÜMÜNÜ SIFIRLA","모두 초기화","すべてリセット","全部重置","全部重設"
STR_WL_resetInfo,"Reset loadout selections to vehicle current loadout.","Obnovit výběr výzbroje na aktuální výzbroj vozidla.","Réinitialiser les sélections d'équipement au chargement actuel du véhicule.","Die Ausrüstungsauswahl auf die aktuelle Fahrzeugbeladung zurücksetzen.","Reimposta le selezioni di equipaggiamento all'attrezzatura corrente del veicolo.","Przywróć wybór wyposażenia do bieżącego wyposażenia pojazdu.","Reiniciar seleções de equipamento para o equipamento atual do veículo.","Сбросить выбор снаряжения к текущему снаряжению транспортного средства.","Restablecer las selecciones de equipamiento al equipamiento actual del vehículo.","Araçtaki mevcut donanım seçimlerini sıfırla.","차량의 현재 장비 구성으로 장비 선택을 재설정합니다.","装備の選択を現在の車両の装備にリセットします。","将装备选择重置为车辆当前装备。","將裝備選擇重置為車輛當前裝備。"
STR_WL_resetVehicle,"Reset vehicle","Resetovat vozidlo","Réinitialiser le véhicule","Fahrzeug zurücksetzen","Reimposta il veicolo","Zresetuj pojazd","Redefinir veículo","Перевернуть транспорт","Restablecer vehículo","Aracı sıfırla","차량 초기화","車両をリセット","重置载具","重設載具"
STR_WL_respawning,"RESPAWNING","OBNOVOVÁNÍ","RÉAPPARITION","RESPAWN LÄUFT","RIENTRO IN CORSO","ODRADZANIE","RENASCENDO","ВОЗРОЖДЕНИЕ","REAPARECIENDO","YENİDEN DOĞUYOR","재배치 중","リスポーン中","重生中","重生中"
STR_WL_returnPreviousScreen,"Return to the previous screen.","Vrátit se na předchozí obrazovku.","Retourner à l'écran précédent.","Zurück zum vorherigen Bildschirm.","Torna alla schermata precedente.","Wróć do poprzedniego ekranu.","Voltar à tela anterior.","Вернуться к предыдущему экрану.","Volver a la pantalla anterior.","Önceki ekrana dön.","이전 화면으로 돌아갑니다.","前の画面に戻る。","返回到前一个屏幕。","返回到前一個螢幕。"
STR_WL_returnToBase,"Return to base","Vrátit se na základnu","Retourner à la base","Zur Basis zurückkehren","Torna alla base","Wróć do bazy","Retornar à base","Вернуться на базу","Volver a la base","Üsse dön","기지로 복귀","基地へ帰還","返回基地","返回基地"
STR_WL_revive,"Revive","Oživit","Réanimer","Wiederbeleben","Rianima","Reanimuj","Reanimar","Реанимировать","Reanimar","Canlandır","소생","蘇生","救活","救活"
STR_WL_rotaryWing,"Rotary Wing","Vrtulníky","Hélicoptères","Drehflügler","Elicotteri","Śmigłowce","Helicópteros","Вертолеты","Helicópteros","Döner Kanatlılar","회전익","回転翼機","旋翼机","旋翼機"
STR_WL_rotaryWingInfo,"Helicopters.","Vrtulníky.","Hélicoptères.","Hubschrauber.","Elicotteri.","Śmigłowce.","Helicópteros.","Вертолеты.","Helicópteros.","Helikopterler.","헬리콥터.","ヘリコプター。","直升机。","直升機。"
STR_WL_save,"Save","Uložit","Enregistrer","Speichern","Salva","Zapisz","Salvar","Сохранить","Guardar","Kaydet","저장","保存","保存","保存"
STR_WL_saveCurrentLoadout,"Save the current loadout with the entered name.","Uložit aktuální vybavení se zadaným názvem.","Enregistrer l'armement actuel avec le nom entré.","Speichern Sie die aktuelle Ladung mit dem eingegebenen Namen.","Salva la configurazione corrente con il nome inserito.","Zapisz bieżące wyposażenie pod wprowadzoną nazwą.","Salvar o carregamento atual com o nome inserido.","Сохраните текущую нагрузку с введенным названием.","Guardar la configuración actual con el nombre ingresado.","Mevcut yüklemeyi girilen ad ile kaydedin.","입력한 이름으로 현재 장비를 저장합니다.","入力した名前で現在の装備を保存します。","用输入的名称保存当前配置。","用輸入的名稱保存當前配置。"
STR_WL_saveInfo,"Save loadout to custom slot.","Uložit výzbroj do vlastního slotu.","Enregistrer la configuration dans un emplacement personnalisé.","Speichern Sie die Ausrüstung in einem benutzerdefinierten Slot.","Salva il loadout nello slot personalizzato.","Zapisz konfigurację do niestandardowego gniazda.","Salvar configuração no slot personalizado.","Сохранить загрузку в пользовательский слот.","Guardar configuración en una ranura personalizada.","Yüklemeyi özel yuvaya kaydet.","맞춤 슬롯에 로드아웃 저장.","カスタムスロットにロードアウトを保存します。","将负载保存到自定义插槽。","將負載保存到自定義插槽。"
STR_WL_saveLoadout,"SAVE LOADOUT","ULOŽIT VYBAVENÍ","ENREGISTRER L'ARMEMENT","LADUNG SPEICHERN","SALVA CONFIGURAZIONE","ZAPISZ WYPOSAŻENIE","SALVAR CARREGAMENTO","СОХРАНИТЬ НАГРУЗКУ","GUARDAR CONFIGURACIÓN","YÜKLEMEYİ KAYDET","장비 저장","装備を保存","保存配置","保存配置"
STR_WL_saveLoadoutButton,"Save Loadout","Uložit Vybavení","Enregistrer l'Armement","Ladung Speichern","Salva Configurazione","Zapisz Wyposażenie","Salvar Carregamento","Сохранить Нагрузку","Guardar Configuración","Yüklemeyi Kaydet","장비 저장","装備を保存","保存配置","保存配置"
STR_WL_saveSlot,"Save Slot","Pozice uložení","Emplacement de sauvegarde","Speicherplatz","Slot di salvataggio","Slot zapisu","Slot de salvamento","Слот сохранения","Ranura de guardado","Kayıt Yuvası","저장 슬롯","セーブスロット","存档槽","存檔槽"
STR_WL_scoreLabel,"Score: %1","Skóre: %1","Score : %1","Punktzahl: %1","Punteggio: %1","Wynik: %1","Pontuação: %1","Счёт: %1","Puntuación: %1","Puan: %1","점수: %1","スコア：%1","分数：%1","分數：%1"
STR_WL_sectorDefense,"Sector Defense","Obrana sektoru","Défense de secteur","Sektorverteidigung","Difesa del settore","Obrona sektora","Defesa do setor","Защита сектора","Defensa del sector","Sektör Savunması","섹터 방어","セクター防衛","区域防御","區域防禦"
STR_WL_sectorDefenseInfo,"Defensive weapons designed to protect friendly sectors.","Obranné zbraně určené k ochraně spojeneckých sektorů.","Armes défensives conçues pour protéger les secteurs amis.","Verteidigungswaffen zum Schutz verbündeter Sektoren.","Armi difensive progettate per proteggere i settori alleati.","Broń obronna zaprojektowana do ochrony przyjaznych sektorów.","Armas defensivas projetadas para proteger setores aliados.","Оборонительное оружие для защиты дружественных секторов.","Armas defensivas diseñadas para proteger sectores aliados.","Dost sektörleri korumak için tasarlanmış savunma silahları.","아군 지역을 보호하기 위해 설계된 방어 무기.","友軍セクターを保護するために設計された防衛兵器。","旨在保护友军区域的防御性武器。","旨在保護友軍區域的防禦性武器。"
STR_WL_sectorScan,"Sector scan","Skenování sektoru","Analyse du secteur","Sektorscan","Scansione del settore","Skanowanie sektora","Varredura do setor","Сканирование сектора","Escaneo del sector","Sektör taraması","구역 스캔","セクタースキャン","区域扫描","區域掃描"
STR_WL_sectorSize,"Size: %1","Velikost: %1","Taille : %1","Größe: %1","Dimensione: %1","Rozmiar: %1","Tamanho: %1","Размер: %1","Tamaño: %1","Boyut: %1","크기: %1","サイズ：%1","规模：%1","規模：%1"
STR_WL_sectorReinforcements,"%1 (Reinforcements: %2/%3)","%1 (Posily: %2/%3)","%1 (Renforts : %2/%3)","%1 (Verstärkungen: %2/%3)","%1 (Rinforzi: %2/%3)","%1 (Posiłki: %2/%3)","%1 (Reforços: %2/%3)","%1 (Подкрепления: %2/%3)","%1 (Refuerzos: %2/%3)","%1 (Takviyeler: %2/%3)","%1 (증원: %2/%3)","%1（増援：%2/%3）","%1（增援：%2/%3）","%1（增援：%2/%3）"
STR_WL_secure,"Secure","Zajistit","Sécuriser","Sichern","Metti in sicurezza","Zabezpiecz","Proteger","Обезопасить","Asegurar","Güvenceye al","확보","確保","确保","確保"
STR_WL_seeChangelog,"See changelog","Zobrazit seznam změn","Voir le journal des modifications","Änderungsprotokoll anzeigen","Visualizza il registro delle modifiche","Zobacz listę zmian","Ver registro de alterações","Посмотреть список изменений","Ver registro de cambios","Değişiklik günlüğünü görüntüle","변경 내역 보기","変更履歴を見る","查看更新日志","查看更新日誌"
STR_WL_selectLoadoutInfo,"Select a loadout.","Vyberte výzbroj.","Sélectionnez une configuration.","Wählen Sie eine Ausrüstung.","Seleziona un carico.","Wybierz konfigurację.","Selecione uma configuração.","Выберите снаряжение.","Seleccione una configuración.","Bir yükleme seçin.","장비를 선택하십시오.","ロードアウトを選択します。","选择一个配置。","選擇一個配置。"
STR_WL_selectTextureInfo,"Select a vehicle texture.","Vyberte texturu vozidla.","Sélectionnez une texture de véhicule.","Wählen Sie eine Fahrzeugtextur aus.","Seleziona una texture per il veicolo.","Wybierz teksturę pojazdu.","Selecione uma textura de veículo.","Выберите текстуру транспортного средства.","Seleccione una textura de vehículo.","Bir araç dokusu seçin.","차량 텍스처를 선택하십시오.","車両のテクスチャを選択します。","选择车辆纹理。","選擇車輛紋理。"
STR_WL_sentSquadInvite,"You've sent a squad join invitation to %1.","Poslali jste pozvánku k připojení do družstva uživateli %1.","Vous avez envoyé une invitation à rejoindre l'escouade à %1.","Sie haben eine Einladung zum Beitritt zur Truppe an %1 gesendet.","Hai inviato un invito a unirti alla squadra a %1.","Wysłałeś zaproszenie do drużyny do %1.","Você enviou um convite para entrar na equipe para %1.","Вы отправили приглашение присоединиться к отряду %1.","Has enviado una invitación para unirte al escuadrón a %1.","%1'e ekip katılma daveti gönderdiniz.","%1에게 팀 합류 초대를 보냈습니다.","%1に隊への参加招待を送りました。","您已向%1发送了加入小队的邀请。","您已向%1发送了加入小队的邀请。"
STR_WL_showHintAdvancedSams,"Show hint: Advanced SAMs","Zobrazit nápovědu: Pokročilé systémy SAM","Afficher l’astuce : SAM avancés","Hinweis anzeigen: Fortschrittliche SAM-Systeme","Mostra suggerimento: SAM avanzati","Pokaż wskazówkę: Zaawansowane systemy SAM","Mostrar dica: Sistemas SAM avançados","Показывать подсказку: Продвинутые ЗРК","Mostrar consejo: Sistemas SAM avanzados","İpucunu göster: Gelişmiş SAM sistemleri","도움말 표시: 고급 지대공 미사일 체계","ヒントを表示：高度なSAM","显示提示：先进防空导弹系统","顯示提示：先進防空飛彈系統"
STR_WL_showHintAnimation,"Show hint: Animation","Zobrazit nápovědu: Animace","Afficher l’astuce : Animation","Hinweis anzeigen: Animation","Mostra suggerimento: Animazione","Pokaż wskazówkę: Animacja","Mostrar dica: Animação","Показывать подсказку: Анимация","Mostrar consejo: Animación","İpucunu göster: Animasyon","도움말 표시: 애니메이션","ヒントを表示：アニメーション","显示提示：动画","顯示提示：動畫"
STR_WL_showHintBlackfish,"Show hint: Blackfish","Zobrazit nápovědu: Blackfish","Afficher l’astuce : Blackfish","Hinweis anzeigen: Blackfish","Mostra suggerimento: Blackfish","Pokaż wskazówkę: Blackfish","Mostrar dica: Blackfish","Показывать подсказку: Blackfish","Mostrar consejo: Blackfish","İpucunu göster: Blackfish","도움말 표시: 블랙피시","ヒントを表示：Blackfish","显示提示：Blackfish","顯示提示：Blackfish"
STR_WL_showHintDeployment,"Show hint: Deployment","Zobrazit nápovědu: Nasazení","Afficher l’astuce : Déploiement","Hinweis anzeigen: Einsatz","Mostra suggerimento: Schieramento","Pokaż wskazówkę: Rozmieszczenie","Mostrar dica: Mobilização","Показывать подсказку: Развёртывание","Mostrar consejo: Despliegue","İpucunu göster: Konuşlandırma","도움말 표시: 배치","ヒントを表示：展開","显示提示：部署","顯示提示：部署"
STR_WL_showHintGpsMunitions,"Show hint: GPS Munitions","Zobrazit nápovědu: GPS munice","Afficher l’astuce : Munitions GPS","Hinweis anzeigen: GPS-Munition","Mostra suggerimento: Munizioni GPS","Pokaż wskazówkę: Amunicja GPS","Mostrar dica: Munições GPS","Показывать подсказку: Боеприпасы с GPS","Mostrar consejo: Munición GPS","İpucunu göster: GPS mühimmatı","도움말 표시: GPS 탄약","ヒントを表示：GPS弾薬","显示提示：GPS 弹药","顯示提示：GPS 彈藥"
STR_WL_showHintHmdSettings,"Show hint: HMD Settings","Zobrazit nápovědu: Nastavení HMD","Afficher l’astuce : Paramètres HMD","Hinweis anzeigen: HMD-Einstellungen","Mostra suggerimento: Impostazioni HMD","Pokaż wskazówkę: Ustawienia HMD","Mostrar dica: Configurações do HMD","Показывать подсказку: Настройки HMD","Mostrar consejo: Ajustes del HMD","İpucunu göster: HMD ayarları","도움말 표시: HMD 설정","ヒントを表示：HMD設定","显示提示：HMD 设置","顯示提示：HMD 設定"
STR_WL_showHintLaser,"Show hint: Laser","Zobrazit nápovědu: Laser","Afficher l’astuce : Laser","Hinweis anzeigen: Laser","Mostra suggerimento: Laser","Pokaż wskazówkę: Laser","Mostrar dica: Laser","Показывать подсказку: Лазер","Mostrar consejo: Láser","İpucunu göster: Lazer","도움말 표시: 레이저","ヒントを表示：レーザー","显示提示：激光","顯示提示：雷射"
STR_WL_showHintLoal,"Show hint: LOAL","Zobrazit nápovědu: LOAL","Afficher l’astuce : LOAL","Hinweis anzeigen: LOAL","Mostra suggerimento: LOAL","Pokaż wskazówkę: LOAL","Mostrar dica: LOAL","Показывать подсказку: LOAL","Mostrar consejo: LOAL","İpucunu göster: LOAL","도움말 표시: LOAL","ヒントを表示：LOAL","显示提示：LOAL","顯示提示：LOAL"
STR_WL_showHintMapLayers,"Show hint: Map Layers","Zobrazit nápovědu: Vrstvy mapy","Afficher l’astuce : Couches de carte","Hinweis anzeigen: Kartenebenen","Mostra suggerimento: Livelli della mappa","Pokaż wskazówkę: Warstwy mapy","Mostrar dica: Camadas do mapa","Показывать подсказку: Слои карты","Mostrar consejo: Capas del mapa","İpucunu göster: Harita katmanları","도움말 표시: 지도 레이어","ヒントを表示：マップレイヤー","显示提示：地图图层","顯示提示：地圖圖層"
STR_WL_showHintParadrop,"Show hint: Paradrop","Zobrazit nápovědu: Výsadek padákem","Afficher l’astuce : Parachutage","Hinweis anzeigen: Fallschirmabsprung","Mostra suggerimento: Lancio con paracadute","Pokaż wskazówkę: Zrzut spadochronowy","Mostrar dica: Lançamento de paraquedas","Показывать подсказку: Десантирование","Mostrar consejo: Lanzamiento en paracaídas","İpucunu göster: Paraşütle indirme","도움말 표시: 공중 투하","ヒントを表示：空挺降下","显示提示：伞降","顯示提示：傘降"
STR_WL_showHintReconOptics,"Show hint: Recon Optics","Zobrazit nápovědu: Průzkumná optika","Afficher l’astuce : Optiques de reconnaissance","Hinweis anzeigen: Aufklärungsoptik","Mostra suggerimento: Ottiche da ricognizione","Pokaż wskazówkę: Optyka zwiadowcza","Mostrar dica: Óptica de reconhecimento","Показывать подсказку: Разведывательная оптика","Mostrar consejo: Óptica de reconocimiento","İpucunu göster: Keşif optikleri","도움말 표시: 정찰 광학 장비","ヒントを表示：偵察光学機器","显示提示：侦察光学设备","顯示提示：偵察光學設備"
STR_WL_showHintRemoteMunitions,"Show hint: Remote Munitions","Zobrazit nápovědu: Dálkově ovládaná munice","Afficher l’astuce : Munitions télécommandées","Hinweis anzeigen: Ferngesteuerte Munition","Mostra suggerimento: Munizioni telecomandate","Pokaż wskazówkę: Amunicja zdalnie sterowana","Mostrar dica: Munições controladas remotamente","Показывать подсказку: Дистанционно управляемые боеприпасы","Mostrar consejo: Munición controlada remotamente","İpucunu göster: Uzaktan kumandalı mühimmat","도움말 표시: 원격 조종 탄약","ヒントを表示：遠隔操作弾薬","显示提示：遥控弹药","顯示提示：遙控彈藥"
STR_WL_showHintSeadMunitions,"Show hint: SEAD Munitions","Zobrazit nápovědu: Munice SEAD","Afficher l’astuce : Munitions SEAD","Hinweis anzeigen: SEAD-Munition","Mostra suggerimento: Munizioni SEAD","Pokaż wskazówkę: Amunicja SEAD","Mostrar dica: Munições SEAD","Показывать подсказку: Боеприпасы SEAD","Mostrar consejo: Munición SEAD","İpucunu göster: SEAD mühimmatı","도움말 표시: SEAD 탄약","ヒントを表示：SEAD弾薬","显示提示：SEAD 弹药","顯示提示：SEAD 彈藥"
STR_WL_showHintTvMunitions,"Show hint: TV Munitions","Zobrazit nápovědu: TV munice","Afficher l’astuce : Munitions TV","Hinweis anzeigen: TV-gelenkte Munition","Mostra suggerimento: Munizioni TV","Pokaż wskazówkę: Amunicja TV","Mostrar dica: Munições TV","Показывать подсказку: Боеприпасы с ТВ-наведением","Mostrar consejo: Munición guiada por TV","İpucunu göster: TV güdümlü mühimmat","도움말 표시: TV 유도 탄약","ヒントを表示：TV誘導弾薬","显示提示：电视制导弹药","顯示提示：電視導引彈藥"
STR_WL_showPlayerLevelInsteadOfElo,"Show player level instead of ELO","Zobrazit úroveň hráče místo ELO","Afficher le niveau du joueur au lieu de l’ELO","Spielerstufe statt ELO anzeigen","Mostra il livello del giocatore invece dell’ELO","Pokaż poziom gracza zamiast ELO","Mostrar nível do jogador em vez de ELO","Показывать уровень игрока вместо ELO","Mostrar nivel del jugador en lugar de ELO","ELO yerine oyuncu seviyesini göster","ELO 대신 플레이어 레벨 표시","ELOの代わりにプレイヤーレベルを表示","显示玩家等级而非 ELO","顯示玩家等級而非 ELO"
STR_WL_showStrongholdInstructions,"Show stronghold instructions","Zobrazit pokyny k pevnosti","Afficher les instructions de la forteresse","Festungsanweisungen anzeigen","Mostra le istruzioni della roccaforte","Pokaż instrukcje twierdzy","Mostrar instruções da fortaleza","Показывать инструкции по укреплению","Mostrar instrucciones de la fortaleza","Kale talimatlarını göster","거점 안내 표시","拠点の説明を表示","显示据点说明","顯示據點說明"
STR_WL_showWelcomeMenu,"Show welcome menu","Zobrazit uvítací nabídku","Afficher le menu de bienvenue","Willkommensmenü anzeigen","Mostra il menu di benvenuto","Pokaż menu powitalne","Mostrar menu de boas-vindas","Показывать приветственное меню","Mostrar menú de bienvenida","Karşılama menüsünü göster","환영 메뉴 표시","ウェルカムメニューを表示","显示欢迎菜单","顯示歡迎選單"
STR_WL_sideLockedArmaUnit,"You can always join a side if someone in your ArmA 3 unit is on that side.<br/>","Ke straně se můžete vždy připojit, pokud je na ní někdo z vaší jednotky ArmA 3.<br/>","Vous pouvez toujours rejoindre un camp si un membre de votre unité ArmA 3 s’y trouve.<br/>","Du kannst einer Seite immer beitreten, wenn sich dort jemand aus deiner ArmA-3-Einheit befindet.<br/>","Puoi sempre unirti a una fazione se un membro della tua unità ArmA 3 si trova in quella fazione.<br/>","Zawsze możesz dołączyć do strony, jeśli znajduje się na niej ktoś z twojej jednostki ArmA 3.<br/>","Você sempre pode entrar em um lado se alguém da sua unidade do ArmA 3 estiver nesse lado.<br/>","Вы всегда можете присоединиться к стороне, если на ней находится кто-то из вашего подразделения ArmA 3.<br/>","Siempre puedes unirte a un bando si alguien de tu unidad de ArmA 3 está en ese bando.<br/>","ArmA 3 birliğinizden biri o taraftaysa o tarafa her zaman katılabilirsiniz.<br/>","ArmA 3 유닛의 구성원이 해당 진영에 있다면 언제든 그 진영에 참가할 수 있습니다.<br/>","ArmA 3ユニットのメンバーがその陣営にいる場合は、いつでもその陣営に参加できます。<br/>","如果你的 ArmA 3 单位中有人在该阵营，你始终可以加入该阵营。<br/>","如果你的 ArmA 3 單位中有人在該陣營，你始終可以加入該陣營。<br/>"
STR_WL_sideLockedElo,"If your ELO rating is higher than %1, you are locked to the side with the lower average ELO.<br/>","Pokud je vaše hodnocení ELO vyšší než %1, můžete se připojit pouze ke straně s nižším průměrným ELO.<br/>","Si votre classement ELO est supérieur à %1, vous êtes limité au camp ayant l’ELO moyen le plus faible.<br/>","Wenn deine ELO-Wertung höher als %1 ist, bist du auf die Seite mit dem niedrigeren durchschnittlichen ELO beschränkt.<br/>","Se il tuo punteggio ELO è superiore a %1, puoi unirti solo alla fazione con l’ELO medio più basso.<br/>","Jeśli twój ranking ELO jest wyższy niż %1, możesz dołączyć tylko do strony z niższym średnim ELO.<br/>","Se sua classificação ELO for maior que %1, você ficará restrito ao lado com o menor ELO médio.<br/>","Если ваш рейтинг ELO выше %1, вы можете присоединиться только к стороне с более низким средним ELO.<br/>","Si tu puntuación ELO es superior a %1, solo puedes unirte al bando con el ELO medio más bajo.<br/>","ELO puanınız %1 değerinden yüksekse yalnızca ortalama ELO'su daha düşük olan tarafa katılabilirsiniz.<br/>","ELO 점수가 %1보다 높으면 평균 ELO가 더 낮은 진영으로만 참가할 수 있습니다.<br/>","ELOレーティングが%1を超えている場合、平均ELOが低い陣営にのみ参加できます。<br/>","如果你的 ELO 评分高于 %1，你只能加入平均 ELO 较低的阵营。<br/>","如果你的 ELO 評分高於 %1，你只能加入平均 ELO 較低的陣營。<br/>"
STR_WL_sideLockedPlayerDifference,"If a side has %1 more players than the other, it is locked.<br/>","Pokud má jedna strana o %1 hráčů více než druhá, bude uzamčena.<br/>","Si un camp compte %1 joueurs de plus que l’autre, il est verrouillé.<br/>","Wenn eine Seite %1 Spieler mehr als die andere hat, wird sie gesperrt.<br/>","Se una fazione ha %1 giocatori in più dell’altra, viene bloccata.<br/>","Jeśli jedna strona ma o %1 graczy więcej niż druga, zostaje zablokowana.<br/>","Se um lado tiver %1 jogadores a mais que o outro, ele será bloqueado.<br/>","Если на одной стороне на %1 игроков больше, чем на другой, она блокируется.<br/>","Si un bando tiene %1 jugadores más que el otro, queda bloqueado.<br/>","Bir tarafta diğerinden %1 daha fazla oyuncu varsa o taraf kilitlenir.<br/>","한 진영의 플레이어가 다른 진영보다 %1명 더 많으면 해당 진영이 잠깁니다.<br/>","一方の陣営にもう一方より%1人多くプレイヤーがいる場合、その陣営はロックされます。<br/>","如果一个阵营比另一个阵营多 %1 名玩家，该阵营将被锁定。<br/>","如果一個陣營比另一個陣營多 %1 名玩家，該陣營將被鎖定。<br/>"
STR_WL_sideLockedWhy,"Why is a side locked?","Proč je strana uzamčena?","Pourquoi un camp est-il verrouillé ?","Warum ist eine Seite gesperrt?","Perché una fazione è bloccata?","Dlaczego strona jest zablokowana?","Por que um lado está bloqueado?","Почему сторона заблокирована?","¿Por qué está bloqueado un bando?","Bir taraf neden kilitli?","진영이 잠기는 이유는 무엇인가요?","なぜ陣営がロックされているのですか？","为什么阵营被锁定？","為什麼陣營被鎖定？"
STR_WL_sideSelect,"SELECT YOUR SIDE","VYBERTE SI STRANU","CHOISISSEZ VOTRE CAMP","WÄHLE DEINE SEITE","SCEGLI LA TUA FAZIONE","WYBIERZ STRONĘ","ESCOLHA SEU LADO","ВЫБЕРИТЕ СТОРОНУ","ELIGE TU BANDO","TARAFINI SEÇ","진영 선택","陣営を選択","选择你的阵营","選擇你的陣營"
STR_WL_spawn,"SPAWN","NASAZENÍ","DÉPLOIEMENT","SPAWN","SCHIERAMENTO","ODRODZENIE","RENASCER","ВОЗРОЖДЕНИЕ","REAPARICIÓN","YENİDEN DOĞ","재배치","リスポーン","重生","重生"
STR_WL_spawnAirAssault,"AIR ASSAULT","VZDUŠNÝ VÝSADEK","ASSAUT AÉRIEN","LUFTANGRIFF","ASSALTO AEREO","DESANT POWIETRZNY","ASSALTO AÉREO","ВОЗДУШНЫЙ ДЕСАНТ","ASALTO AÉREO","HAVA HÜCUMU","공중강습","空挺強襲","空中突击","空中突擊"
STR_WL_spawnAssetList,"ASSET LIST","SEZNAM PROSTŘEDKŮ","LISTE DES RESSOURCES","ASSETLISTE","ELENCO RISORSE","LISTA ZASOBÓW","LISTA DE RECURSOS","СПИСОК РЕСУРСОВ","LISTA DE RECURSOS","VARLIK LİSTESİ","자산 목록","アセット一覧","资源列表","資源列表"
STR_WL_spawnBuyAssets,"BUY ASSETS","KOUPIT PROSTŘEDKY","ACHETER DES RESSOURCES","ASSETS KAUFEN","ACQUISTA RISORSE","KUP ZASOBY","COMPRAR RECURSOS","КУПИТЬ РЕСУРСЫ","COMPRAR RECURSOS","VARLIK SATIN AL","자산 구매","アセットを購入","购买资源","購買資源"
STR_WL_spawnCreateSquad,"CREATE SQUAD","VYTVOŘIT DRUŽSTVO","CRÉER UNE ESCOUADE","TRUPP ERSTELLEN","CREA SQUADRA","UTWÓRZ ODDZIAŁ","CRIAR ESQUADRÃO","СОЗДАТЬ ОТРЯД","CREAR ESCUADRÓN","MANGA OLUŞTUR","분대 생성","分隊を作成","创建小队","建立小隊"
STR_WL_spawnDisableFeed,"DISABLE FEED","VYPNOUT PŘEHLED","DÉSACTIVER LE FLUX","FEED DEAKTIVIEREN","DISATTIVA FEED","WYŁĄCZ KANAŁ","DESATIVAR FEED","ОТКЛЮЧИТЬ ЛЕНТУ","DESACTIVAR FEED","AKIŞI DEVRE DIŞI BIRAK","피드 비활성화","フィードを無効化","禁用动态","停用動態"
STR_WL_spawnDisableTI,"DISABLE TI","VYPNOUT TI","DÉSACTIVER L'IMAGERIE THERMIQUE","WÄRMEBILD DEAKTIVIEREN","DISATTIVA TERMOCAMERA","WYŁĄCZ TERMOWIZJĘ","DESATIVAR VISÃO TÉRMICA","ОТКЛЮЧИТЬ ТЕПЛОВИЗОР","DESACTIVAR VISIÓN TÉRMICA","TERMAL GÖRÜŞÜ DEVRE DIŞI BIRAK","열화상 비활성화","サーマルを無効化","禁用热成像","停用熱成像"
STR_WL_spawnEnableFeed,"ENABLE FEED","ZAPNOUT PŘEHLED","ACTIVER LE FLUX","FEED AKTIVIEREN","ATTIVA FEED","WŁĄCZ KANAŁ","ATIVAR FEED","ВКЛЮЧИТЬ ЛЕНТУ","ACTIVAR FEED","AKIŞI ETKİNLEŞTİR","피드 활성화","フィードを有効化","启用动态","啟用動態"
STR_WL_spawnEnableTI,"ENABLE TI","ZAPNOUT TI","ACTIVER L'IMAGERIE THERMIQUE","WÄRMEBILD AKTIVIEREN","ATTIVA TERMOCAMERA","WŁĄCZ TERMOWIZJĘ","ATIVAR VISÃO TÉRMICA","ВКЛЮЧИТЬ ТЕПЛОВИЗОР","ACTIVAR VISIÓN TÉRMICA","TERMAL GÖRÜŞÜ ETKİNLEŞTİR","열화상 활성화","サーマルを有効化","启用热成像","啟用熱成像"
STR_WL_spawnFeedOff,"FEED OFF","PŘEHLED VYPNUT","FLUX DÉSACTIVÉ","FEED AUS","FEED DISATTIVATO","KANAŁ WYŁĄCZONY","FEED DESATIVADO","ЛЕНТА ВЫКЛ.","FEED DESACTIVADO","AKIŞ KAPALI","피드 꺼짐","フィード OFF","动态已关闭","動態已關閉"
STR_WL_spawnFob,"FOB","OPZ","FOB","FOB","FOB","FOB","FOB","ПОБ","FOB","İOB","FOB","FOB","前线基地","前線基地"
STR_WL_spawnFull,"FULL","PLNÉ","COMPLÈTE","VOLL","AL COMPLETO","PEŁNY","LOTADO","ЗАПОЛНЕН","LLENO","DOLU","가득 참","満員","已满","已滿"
STR_WL_spawnHelp,"HELP","NÁPOVĚDA","AIDE","HILFE","AIUTO","POMOC","AJUDA","ПОМОЩЬ","AYUDA","YARDIM","도움말","ヘルプ","帮助","幫助"
STR_WL_spawnHome,"HOME","ZÁKLADNA","BASE","BASIS","BASE","BAZA","BASE","БАЗА","BASE","ÜS","기지","基地","基地","基地"
STR_WL_spawnHomeBase,"HOME BASE","DOMOVSKÁ ZÁKLADNA","BASE PRINCIPALE","HAUPTSTÜTZPUNKT","BASE PRINCIPALE","BAZA GŁÓWNA","BASE PRINCIPAL","ГЛАВНАЯ БАЗА","BASE PRINCIPAL","ANA ÜS","본진","本拠地","主基地","主基地"
STR_WL_spawnInviteSquad,"INVITE TO SQUAD","POZVAT DO DRUŽSTVA","INVITER DANS L'ESCOUADE","ZUM TRUPP EINLADEN","INVITA NELLA SQUADRA","ZAPROŚ DO ODDZIAŁU","CONVIDAR PARA O ESQUADRÃO","ПРИГЛАСИТЬ В ОТРЯД","INVITAR AL ESCUADRÓN","MANGAYA DAVET ET","분대로 초대","分隊に招待","邀请加入小队","邀請加入小隊"
STR_WL_spawnJoin,"JOIN","PŘIPOJIT SE","REJOINDRE","BEITRETEN","UNISCITI","DOŁĄCZ","ENTRAR","ПРИСОЕДИНИТЬСЯ","UNIRSE","KATIL","참가","参加","加入","加入"
STR_WL_spawnLeave,"LEAVE","OPUSTIT","QUITTER","VERLASSEN","LASCIA","OPUŚĆ","SAIR","ПОКИНУТЬ","SALIR","AYRIL","나가기","退出","离开","離開"
STR_WL_spawnLocked,"LOCKED","UZAMČENÁ","VERROUILLÉE","GESCHLOSSEN","CHIUSA","ZAMKNIĘTY","FECHADO","ЗАКРЫТЫЙ","CERRADO","KAPALI","잠금","参加不可","已锁定","已鎖定"
STR_WL_spawnMenu,"Spawn Menu","Nabídka nasazení","Menu d'apparition","Spawn-Menü","Menu di schieramento","Menu odrodzenia","Menu de spawn","Меню появления","Menú de despliegue","Doğma Menüsü","스폰 메뉴","スポーンメニュー","重生菜单","重生選單"
STR_WL_spawnNearbyBirds,"Spawn nearby (birds)","Blízké nasazení (ptáci)","Apparition à proximité (oiseaux)","Spawn in der Nähe (Vögel)","Spawn nelle vicinanze (uccelli)","Odrodzenie w pobliżu (ptaki)","Renascimento próximo (pássaros)","Возрождение поблизости (птицы)","Reaparición cercana (pájaros)","Yakında yeniden doğma (kuşlar)","근처 리스폰(새)","近くでのリスポーン（鳥）","附近重生（鸟群）","附近重生（鳥群）"
STR_WL_spawnPriority,"PRIORITY","PRIORITA","PRIORITÉ","PRIORITÄT","PRIORITÀ","PRIORYTET","PRIORIDADE","ПРИОРИТЕТ","PRIORIDAD","ÖNCELİK","우선순위","優先","优先","優先"
STR_WL_spawnRandom,"RANDOM","NÁHODNĚ","ALÉATOIRE","ZUFÄLLIG","CASUALE","LOSOWO","ALEATÓRIO","СЛУЧАЙНО","ALEATORIO","RASTGELE","무작위","ランダム","随机","隨機"
STR_WL_spawnSquad,"SQUAD","DRUŽSTVO","ESCOUADE","TRUPP","SQUADRA","ODDZIAŁ","ESQUADRÃO","ОТРЯД","ESCUADRÓN","MANGA","분대","分隊","小队","小隊"
STR_WL_spawnSquadmates,"SQUADMATES","ČLENOVÉ DRUŽSTVA","ÉQUIPIERS","TRUPPMITGLIEDER","COMPAGNI DI SQUADRA","CZŁONKOWIE ODDZIAŁU","COMPANHEIROS DE ESQUADRÃO","БОЙЦЫ ОТРЯДА","COMPAÑEROS DE ESCUADRÓN","MANGA ARKADAŞLARI","분대원","分隊員","队友","隊友"
STR_WL_spawnUnassignedPlayer,"UNASSIGNED PLAYERS: %1","NEPŘIŘAZENÍ HRÁČI: %1","JOUEURS NON ASSIGNÉS : %1","NICHT ZUGEWIESENE SPIELER: %1","GIOCATORI NON ASSEGNATI: %1","NIEPRZYPISANI GRACZE: %1","JOGADORES NÃO ATRIBUÍDOS: %1","НЕРАСПРЕДЕЛЁННЫЕ ИГРОКИ: %1","JUGADORES SIN ASIGNAR: %1","ATANMAMIŞ OYUNCULAR: %1","미배정 플레이어: %1","未割り当てのプレイヤー: %1","未分配的玩家：%1","未分配的玩家：%1"
STR_WL_spawnWithRangefinder,"Spawn with rangefinder","Nasadit se s dálkoměrem","Apparaître avec un télémètre","Mit Entfernungsmesser spawnen","Spawn con telemetro","Odrodzenie z dalmierzem","Renascer com telêmetro","Возрождаться с дальномером","Reaparecer con telémetro","Mesafe ölçerle yeniden doğ","거리 측정기를 소지하고 리스폰","レンジファインダーを所持してリスポーン","重生时携带测距仪","重生時攜帶測距儀"
STR_WL_spawnWithUavTerminal,"Spawn with UAV Terminal","Nasadit se s terminálem UAV","Apparaître avec un terminal UAV","Mit UAV-Terminal spawnen","Spawn con terminale UAV","Odrodzenie z terminalem UAV","Renascer com terminal UAV","Возрождаться с терминалом БПЛА","Reaparecer con terminal UAV","UAV terminaliyle yeniden doğ","UAV 터미널을 소지하고 리스폰","UAVターミナルを所持してリスポーン","重生时携带无人机终端","重生時攜帶無人機終端"
STR_WL_squadChatNotification,"Squad chat notification","Upozornění chatu družstva","Notification de chat d’escouade","Truppchat-Benachrichtigung","Notifica chat squadra","Powiadomienie czatu drużyny","Notificação do chat do esquadrão","Уведомление чата отряда","Notificación del chat de escuadrón","Takım sohbeti bildirimi","분대 채팅 알림","分隊チャット通知","小队聊天通知","小隊聊天通知"
STR_WL_squadImportantNotification,"Squad important notification","Důležité upozornění družstva","Notification importante d’escouade","Wichtige Trupp-Benachrichtigung","Notifica importante squadra","Ważne powiadomienie drużyny","Notificação importante do esquadrão","Важное уведомление отряда","Notificación importante de escuadrón","Önemli takım bildirimi","분대 중요 알림","分隊の重要通知","小队重要通知","小隊重要通知"
STR_WL_strength,"Strength","Síla signálu","Puissance du signal","Signalstärke","Potenza del segnale","Siła sygnału","Intensidade do sinal","Мощность сигнала","Intensidad de la señal","Sinyal gücü","신호 강도","信号強度","信号强度","訊號強度"
STR_WL_stronghold,"Stronghold","Opěrný bod","Point fortifié","Stützpunkt","Caposaldo","Twierdza","Fortaleza","Опорный пункт","Bastión","Kale","거점","拠点","据点","據點"
STR_WL_strongholdDefend,"Defend your stronghold!","Braňte svou pevnost!","Défendez votre bastion !","Verteidigt eure Festung!","Difendi la tua roccaforte!","Broń swojej twierdzy!","Defenda sua fortaleza!","Защищайте свой опорный пункт!","¡Defiende tu fortaleza!","Kalenizi savunun!","아군 거점을 방어하세요!","味方の拠点を守れ！","防守你的据点！","防守你的據點！"
STR_WL_strongholdDestroy,"Destroy stronghold to stop enemy respawns!","Zničte pevnost, abyste zastavili znovuzrození nepřátel!","Détruisez le bastion pour arrêter les réapparitions ennemies !","Zerstört die Festung, um gegnerische Respawns zu stoppen!","Distruggi la roccaforte per fermare i respawn nemici!","Zniszcz twierdzę, aby zatrzymać odrodzenia wroga!","Destrua a fortaleza para impedir o reaparecimento dos inimigos!","Уничтожьте опорный пункт, чтобы остановить возрождения врага!","¡Destruye la fortaleza para detener las reapariciones enemigas!","Düşman yeniden doğmalarını durdurmak için kaleyi yok edin!","적 리스폰을 막으려면 거점을 파괴하세요!","敵のリスポーンを止めるために拠点を破壊せよ！","摧毁据点以阻止敌人重生！","摧毀據點以阻止敵人重生！"
STR_WL_strongholdIconSize,"Stronghold icon size","Velikost ikony pevnosti","Taille de l’icône de forteresse","Größe des Festungssymbols","Dimensione icona roccaforte","Rozmiar ikony twierdzy","Tamanho do ícone da fortaleza","Размер значка укрепления","Tamaño del icono de fortaleza","Kale simgesi boyutu","거점 아이콘 크기","拠点アイコンのサイズ","据点图标大小","據點圖示大小"
STR_WL_strongholdOccupy,"Occupy stronghold to increase capture power!","Obsaďte pevnost, abyste zvýšili sílu obsazování!","Occupez le bastion pour augmenter la puissance de capture !","Besetzt die Festung, um die Eroberungskraft zu erhöhen!","Occupa la roccaforte per aumentare la potenza di cattura!","Zajmij twierdzę, aby zwiększyć siłę przejmowania!","Ocupe a fortaleza para aumentar o poder de captura!","Займите опорный пункт, чтобы увеличить силу захвата!","¡Ocupa la fortaleza para aumentar la potencia de captura!","Ele geçirme gücünü artırmak için kaleyi işgal edin!","점령력을 높이려면 거점을 점령하세요!","占領力を高めるために拠点を占拠せよ！","占领据点以提高占领力！","佔領據點以提高佔領力！"
STR_WL_structures,"Structures","Stavby","Structures","Gebäude","Strutture","Budowle","Estruturas","Структуры","Estructuras","Yapılar","구조물","構造物","结构","結構"
STR_WL_structuresInfo,"Fortifications and defensive structures designed to protect friendly sectors.","Opevnění a obranné stavby určené k ochraně spojeneckých sektorů.","Fortifications et structures défensives conçues pour protéger les secteurs amis.","Befestigungen und Verteidigungsstrukturen zum Schutz verbündeter Sektoren.","Fortificazioni e strutture difensive progettate per proteggere i settori alleati.","Umocnienia i struktury obronne zaprojektowane do ochrony przyjaznych sektorów.","Fortificações e estruturas defensivas projetadas para proteger setores aliados.","Фортификационные и оборонительные сооружения для защиты дружественных секторов.","Fortificaciones y estructuras defensivas diseñadas para proteger sectores aliados.","Dost sektörleri korumak için tasarlanmış tahkimatlar ve savunma yapıları.","아군 지역을 보호하기 위해 설계된 방어 구조물과 요새입니다.","友軍セクターを保護するために設計された防衛構造物や要塞です。","用于保护友军区域的防御工事和防御结构。","用於保護友軍區域的防禦工事和防禦結構。"
STR_WL_surrender,"Surrender","Vzdát se","Se rendre","Ergeben","Arrenditi","Poddaj się","Render-se","Сдаться","Rendirse","Teslim ol","항복","降伏","投降","投降"
STR_WL_targetingMenuFontSize,"Targeting menu font size","Velikost písma nabídky zaměřování","Taille de police du menu de ciblage","Schriftgröße des Zielmenüs","Dimensione carattere menu di puntamento","Rozmiar czcionki menu namierzania","Tamanho da fonte do menu de aquisição de alvo","Размер шрифта меню наведения","Tamaño de fuente del menú de fijación de objetivo","Hedefleme menüsü yazı tipi boyutu","조준 메뉴 글꼴 크기","照準メニューのフォントサイズ","瞄准菜单字体大小","瞄準選單字型大小"
STR_WL_targetingMenuPositionLeft,"Targeting menu position (left %)","Pozice nabídky zaměřování (zleva %)","Position du menu de ciblage (gauche %)","Position des Zielmenüs (links %)","Posizione menu di puntamento (sinistra %)","Pozycja menu namierzania (od lewej %)","Posição do menu de aquisição de alvo (esquerda %)","Положение меню наведения (слева %)","Posición del menú de fijación de objetivo (izquierda %)","Hedefleme menüsü konumu (sol %)","조준 메뉴 위치(왼쪽 %)","照準メニュー位置（左 %）","瞄准菜单位置（左 %）","瞄準選單位置（左 %）"
STR_WL_targetingMenuPositionTop,"Targeting menu position (top %)","Pozice nabídky zaměřování (shora %)","Position du menu de ciblage (haut %)","Position des Zielmenüs (oben %)","Posizione menu di puntamento (alto %)","Pozycja menu namierzania (od góry %)","Posição do menu de aquisição de alvo (superior %)","Положение меню наведения (сверху %)","Posición del menú de fijación de objetivo (arriba %)","Hedefleme menüsü konumu (üst %)","조준 메뉴 위치(위쪽 %)","照準メニュー位置（上 %）","瞄准菜单位置（上 %）","瞄準選單位置（上 %）"
STR_WL_targetLock,"Target lock","Zamknutí cíle","Verrouillage de cible","Zielerfassung","Aggancio bersaglio","Namierzenie celu","Travamento de alvo","Захват цели","Bloqueo de objetivo","Hedef kilidi","표적 잠금","ターゲットロック","目标锁定","目標鎖定"
STR_WL_terrainDetails,"Terrain details","Detaily terénu","Détails du terrain","Geländedetails","Dettagli terreno","Szczegółowość terenu","Detalhes do terreno","Детализация ландшафта","Detalles del terreno","Arazi ayrıntıları","지형 세부 묘사","地形の詳細度","地形细节","地形細節"
STR_WL_timeLeft,"TIME LEFT","ZBÝVAJÍCÍ ČAS","TEMPS RESTANT","VERBLEIBENDE ZEIT","TEMPO RIMANENTE","POZOSTAŁY CZAS","TEMPO RESTANTE","ОСТАЛОСЬ ВРЕМЕНИ","TIEMPO RESTANTE","KALAN SÜRE","남은 시간","残り時間","剩余时间","剩餘時間"
STR_WL_transferMoney,"Transfer Money","Převod peněz","Transférer de l'argent","Geld überweisen","Trasferire denaro","Przelew pieniędzy","Transferir dinheiro","Перевод денег","Transferir dinero","Para Transferi","돈 이체","送金","转账","轉帳"
STR_WL_travelFrontline,"Travel to Frontline","Přesunout se na frontu","Se rendre sur la ligne de front","Zur Front reisen","Raggiungi il fronte","Udaj się na linię frontu","Viajar para a linha da frente","Отправиться на линию фронта","Viajar al frente","Cepheye git","전선으로 이동","前線へ移動","前往前线","前往前線"
STR_WL_useNewKillSound,"Use new kill sound","Použít nový zvuk zabití","Utiliser le nouveau son d’élimination","Neuen Abschuss-Sound verwenden","Usa il nuovo suono di uccisione","Użyj nowego dźwięku zabójstwa","Usar novo som de eliminação","Использовать новый звук убийства","Usar el nuevo sonido de baja","Yeni öldürme sesini kullan","새 처치 소리 사용","新しいキル音を使用","使用新的击杀音效","使用新的擊殺音效"
STR_WL_vehicleManagerTitle,"WARLORDS REDUX VEHICLE MANAGER","SPRÁVCE VOZIDEL WARLORDS REDUX","GESTIONNAIRE DE VÉHICULES WARLORDS REDUX","WARLORDS REDUX FAHRZEUGMANAGER","GESTORE VEICOLI WARLORDS REDUX","MENEDŻER POJAZDÓW WARLORDS REDUX","GERENCIADOR DE VEÍCULOS WARLORDS REDUX","МЕНЕДЖЕР ТРАНСПОРТНЫХ СРЕДСТВ WARLORDS REDUX","GESTOR DE VEHÍCULOS WARLORDS REDUX","WARLORDS REDUX ARAÇ YÖNETİCİSİ","WARLORDS REDUX 차량 관리자","WARLORDS REDUX 車両マネージャー","WARLORDS REDUX 车辆管理器","WARLORDS REDUX 车辆管理器"
STR_WL_vehicleParadrop,"Vehicle paradrop","Výsadek vozidla padákem","Parachutage de véhicule","Fahrzeug-Fallschirmabwurf","Lancio di veicolo con paracadute","Zrzut pojazdu na spadochronie","Lançamento de veículo por paraquedas","Десантирование техники с парашютом","Lanzamiento de vehículo en paracaídas","Araç paraşüt indirmesi","차량 공중 투하","車両パラドロップ","载具空投","載具空投"
STR_WL_viewDistance,"View distance","Dohlednost","Distance de vue","Sichtweite","Distanza visiva","Zasięg widzenia","Distância de visão","Дальность прорисовки","Distancia de visión","Görüş mesafesi","가시 거리","描画距離","视距","視距"
STR_WL_volumeSettings,"Volume settings","Nastavení hlasitosti","Paramètres de volume","Lautstärkeeinstellungen","Impostazioni volume","Ustawienia głośności","Configurações de volume","Настройки громкости","Ajustes de volumen","Ses ayarları","음량 설정","音量設定","音量设置","音量設定"
STR_WL_voteCountdown,"Vote countdown","Odpočet hlasování","Compte à rebours du vote","Abstimmungs-Countdown","Conto alla rovescia votazione","Odliczanie głosowania","Contagem regressiva da votação","Обратный отсчёт голосования","Cuenta atrás de la votación","Oylama geri sayımı","투표 카운트다운","投票カウントダウン","投票倒计时","投票倒數"
STR_WL_voteInProgress,"VOTE IN PROGRESS","PROBÍHÁ HLASOVÁNÍ","VOTE EN COURS","ABSTIMMUNG LÄUFT","VOTAZIONE IN CORSO","GŁOSOWANIE W TOKU","VOTAÇÃO EM ANDAMENTO","ИДЁТ ГОЛОСОВАНИЕ","VOTACIÓN EN CURSO","OYLAMA DEVAM EDİYOR","투표 진행 중","投票進行中","投票进行中","投票進行中"
STR_WL_votePower,"Vote Power: %1","Hlasovací síla: %1","Pouvoir de vote : %1","Stimmkraft: %1","Potere di voto: %1","Siła głosu: %1","Poder de voto: %1","Сила голоса: %1","Poder de voto: %1","Oy Gücü: %1","투표 권한: %1","投票権: %1","投票权：%1","投票權：%1"
STR_WL_waiting,"WAITING...","ČEKÁNÍ...","EN ATTENTE...","WARTEN...","IN ATTESA...","OCZEKIWANIE...","AGUARDANDO...","ОЖИДАНИЕ...","ESPERANDO...","BEKLENİYOR...","대기 중...","待機中...","等待中...","等待中..."
STR_WL_wipe,"Wipe","Vymazat","Effacer","Löschen","Cancella","Wyczyść","Limpar","Стереть","Borrar","Sil","삭제","消去","清除","清除"
STR_WL_wipeLoadout,"Delete loadout","Odstranit vybavení","Supprimer l’armement","Ladung löschen","Elimina configurazione","Usuń konfigurację","Excluir carregamento","Удалить комплектацию","Eliminar configuración","Yüklemeyi sil","장비 삭제","装備を削除","删除配置","刪除配置"
STR_WL_wipeLoadoutInfo,"Delete selected loadout from vehicle save.","Odstranit vybrané vybavení z uložených dat vozidla.","Supprimer l’armement sélectionné de la sauvegarde du véhicule.","Ausgewählte Ladung aus dem Fahrzeugspeicher löschen.","Elimina la configurazione selezionata dal salvataggio del veicolo.","Usuń wybraną konfigurację z zapisu pojazdu.","Excluir o carregamento selecionado do salvamento do veículo.","Удалить выбранную комплектацию из сохранения транспортного средства.","Eliminar la configuración seleccionada del guardado del vehículo.","Seçili yüklemeyi araç kaydından sil.","선택한 장비를 차량 저장 데이터에서 삭제합니다.","選択した装備を車両の保存データから削除します。","从车辆保存中删除所选配置。","從車輛儲存中刪除所選配置。"
STR_WL_wipeLoadoutWarning,"Are you sure you want to delete loadout %1?","Opravdu chcete odstranit vybavení %1?","Voulez-vous vraiment supprimer l’armement %1 ?","Möchten Sie die Ladung %1 wirklich löschen?","Sei sicuro di voler eliminare la configurazione %1?","Czy na pewno chcesz usunąć konfigurację %1?","Tem certeza de que deseja excluir o carregamento %1?","Вы уверены, что хотите удалить комплектацию %1?","¿Seguro que quieres eliminar la configuración %1?","%1 yüklemesini silmek istediğinizden emin misiniz?","정말로 장비 %1을(를) 삭제하시겠습니까?","装備 %1 を削除してもよろしいですか？","确定要删除配置 %1 吗？","確定要刪除配置 %1 嗎？"
